gb 35 300 0.1 -0.8882742831372461
tree 15
24 0.07454616576433182 1 8 4.2871614354846964e-15
0 280.5 2 5 -0.17248591317930906
23 0.6891871392726898 3 4 -0.2240586757435776
-2 -2.0 -1 -1 -1.1755207060330575
-2 -2.0 -1 -1 0.9883568570237392
3 0.5161670446395874 6 7 0.11943538435425571
-2 -2.0 -1 -1 -0.9389459210185647
-2 -2.0 -1 -1 2.194154037884737
19 -0.14315779507160187 9 12 0.39338675245561705
5 0.07662341743707657 10 11 -0.2634940551789571
-2 -2.0 -1 -1 3.4309309309309315
-2 -2.0 -1 -1 -1.3426799909130744
8 0.047069208696484566 13 14 0.5630957958011403
-2 -2.0 -1 -1 -1.1834922885680434
-2 -2.0 -1 -1 3.0518862365216033
tree 15
24 0.07454616576433182 1 8 -0.0013736112745130773
0 280.5 2 5 -0.15592005473750312
12 0.2790064066648483 3 4 -0.2022520904883921
-2 -2.0 -1 -1 -1.0861797347302835
-2 -2.0 -1 -1 2.102195166023619
3 0.5161670446395874 6 7 0.10633675139961098
-2 -2.0 -1 -1 -0.8823282839062118
-2 -2.0 -1 -1 1.8117757457555361
17 0.4768421947956085 9 12 0.35109878706139497
9 0.9590986371040344 10 11 -0.237993338795191
-2 -2.0 -1 -1 -1.2867725143827538
-2 -2.0 -1 -1 2.724920892556397
8 0.04751899838447571 13 14 0.5032942233712305
-2 -2.0 -1 -1 -1.034242494202585
-2 -2.0 -1 -1 2.4582780378855658
tree 15
24 0.07454616576433182 1 8 -0.002092080970546401
0 280.5 2 5 -0.14091812882847815
23 0.6891871392726898 3 4 -0.18259440745148134
-2 -2.0 -1 -1 -1.0697618976757426
-2 -2.0 -1 -1 1.002219453388807
19 -0.14364545047283173 6 7 0.09498533507530561
-2 -2.0 -1 -1 -1.3657170621824015
-2 -2.0 -1 -1 1.3153830088241316
17 0.4768421947956085 9 12 0.3145269815166422
5 0.07662341743707657 10 11 -0.2149794167409527
-2 -2.0 -1 -1 2.313491817767766
-2 -2.0 -1 -1 -1.2385445060786908
8 0.047069208696484566 13 14 0.45132809253892875
-2 -2.0 -1 -1 -1.0771175015127994
-2 -2.0 -1 -1 2.080996442800263
tree 15
24 0.10062937438488007 1 8 -0.002482912140038185
17 0.4832020550966263 2 5 -0.12398352557382665
31 0.9651468992233276 3 4 -0.23053843363376494
-2 -2.0 -1 -1 -1.3004285062208025
-2 -2.0 -1 -1 2.8668509193406986
7 0.7261002361774445 6 7 -0.04322673181566267
-2 -2.0 -1 -1 -0.8108452138106838
-2 -2.0 -1 -1 1.0159412487105028
19 -0.1479339525103569 9 12 0.2906974328969824
9 0.9590986371040344 10 11 -0.20032044504500512
-2 -2.0 -1 -1 -1.2356910680034623
-2 -2.0 -1 -1 2.0422063110807596
8 0.05621621198952198 13 14 0.41586787600871766
-2 -2.0 -1 -1 -0.2658450358170024
-2 -2.0 -1 -1 1.8901796049824213
tree 15
24 0.07185886427760124 1 8 -0.00268941050490623
0 280.5 2 5 -0.11593912776479813
12 0.2790064066648483 3 4 -0.15222383279807117
-2 -2.0 -1 -1 -0.9564811436888293
-2 -2.0 -1 -1 1.7965966570500438
3 0.5161670446395874 6 7 0.08898958368098538
-2 -2.0 -1 -1 -0.8010436623242613
-2 -2.0 -1 -1 1.4229657234003381
19 -0.14315779507160187 9 12 0.2540045519190536
15 0.008853992447257042 10 11 -0.17587267375942697
-2 -2.0 -1 -1 3.9625667082973424
-2 -2.0 -1 -1 -1.1369925639733742
8 0.047069208696484566 13 14 0.3649530804889526
-2 -2.0 -1 -1 -1.025018075031858
-2 -2.0 -1 -1 1.6499004255673435
tree 15
24 0.12158167362213135 1 8 -0.0027371514026064765
17 0.4832020550966263 2 5 -0.09854064366593739
31 0.9651468992233276 3 4 -0.19488612692546847
-2 -2.0 -1 -1 -1.2443594614274265
-2 -2.0 -1 -1 2.2156408018816194
7 0.7265353202819824 6 7 -0.02660064053255449
-2 -2.0 -1 -1 -0.6666414922150712
-2 -2.0 -1 -1 0.8735844878817235
17 0.4720660448074341 9 12 0.24511866531633286
9 0.9590986371040344 10 11 -0.162408274280249
-2 -2.0 -1 -1 -1.1669722696964764
-2 -2.0 -1 -1 1.95200836668093
8 0.04751899838447571 13 14 0.3481023658830192
-2 -2.0 -1 -1 -0.7675119225652418
-2 -2.0 -1 -1 1.5470312099654602
tree 15
23 0.0028694935608655214 1 8 -0.002735335416151943
0 112.5 2 5 -0.10872212845722364
8 0.24695852398872375 3 4 -0.15534650348843898
-2 -2.0 -1 -1 -1.0805299084873736
-2 -2.0 -1 -1 1.1683185572089354
3 0.5872796177864075 6 7 0.0012048266163756727
-2 -2.0 -1 -1 -0.7371322763439755
-2 -2.0 -1 -1 1.2668023103290693
24 0.13125423341989517 9 12 0.18806686921294108
7 0.5591731071472168 10 11 0.03368485902269318
-2 -2.0 -1 -1 -1.0981811085804154
-2 -2.0 -1 -1 0.81149862753722
19 -0.1760791465640068 13 14 0.3514042040800464
-2 -2.0 -1 -1 -0.9208313112228546
-2 -2.0 -1 -1 1.5994858103774472
tree 15
23 0.0028694935608655214 1 8 -0.002693762564947748
0 112.5 2 5 -0.09826622032875389
29 0.28044943511486053 3 4 -0.14032826886481978
-2 -2.0 -1 -1 -1.1033765454774032
-2 -2.0 -1 -1 0.2621531979925486
3 0.5238095223903656 6 7 0.0009040723911368647
-2 -2.0 -1 -1 -0.8269003937305042
-2 -2.0 -1 -1 1.018424751257111
17 0.47667837142944336 9 12 0.16936008603190264
24 0.23646138608455658 10 11 -0.16141810407915855
-2 -2.0 -1 -1 -1.247147012689638
-2 -2.0 -1 -1 -0.23593831799747658
7 0.5243315696716309 13 14 0.23406175398769327
-2 -2.0 -1 -1 -0.33128494178458645
-2 -2.0 -1 -1 1.4009701818154483
tree 15
24 0.07185886427760124 1 8 -0.0026772123907329447
7 0.6754104197025299 2 5 -0.08112279085764662
0 1146.0 3 4 -0.13611920658395696
-2 -2.0 -1 -1 -1.053723431571692
-2 -2.0 -1 -1 1.9021283757755842
19 -0.14261658489704132 6 7 -0.003197229245441656
-2 -2.0 -1 -1 -1.2110992638738918
-2 -2.0 -1 -1 0.5588562785492559
19 -0.13024916499853134 9 12 0.17512902729373972
5 0.08069324120879173 10 11 -0.11218704895256515
-2 -2.0 -1 -1 1.7229937892008962
-2 -2.0 -1 -1 -0.9874724150965799
8 0.05621621198952198 13 14 0.25523085842273746
-2 -2.0 -1 -1 -0.36482206606281997
-2 -2.0 -1 -1 1.303440983175466
tree 15
23 0.001511349924840033 1 8 -0.0026059310713296415
8 0.058451633900403976 2 5 -0.08446016920671864
24 0.9769353270530701 3 4 -0.1423066065748099
-2 -2.0 -1 -1 -1.1061791420344909
-2 -2.0 -1 -1 1.2646132419065692
14 0.03943238407373428 6 7 -0.03412965550442417
-2 -2.0 -1 -1 1.0241590469661424
-2 -2.0 -1 -1 -0.6682167773727699
17 0.4735083132982254 9 12 0.13860117144845538
6 0.03854379802942276 10 11 -0.14109656761618386
-2 -2.0 -1 -1 1.140940874930973
-2 -2.0 -1 -1 -1.1418767059038468
7 0.5243315696716309 13 14 0.19466084713785956
-2 -2.0 -1 -1 -0.32341802888525856
-2 -2.0 -1 -1 1.217183146006526
tree 15
24 0.1282917559146881 1 8 -0.0025213717215340145
19 -0.1367979496717453 2 5 -0.0640655220276776
31 0.9651468992233276 3 4 -0.1306303271215312
-2 -2.0 -1 -1 -1.1537945030011758
-2 -2.0 -1 -1 1.7773543363949524
7 0.7265353202819824 6 7 -0.01464937860363927
-2 -2.0 -1 -1 -0.5243088487724993
-2 -2.0 -1 -1 0.6057148728347153
17 0.4720660448074341 9 12 0.15986502486649234
33 0.29944607615470886 10 11 -0.10590327957434988
-2 -2.0 -1 -1 -1.0509450126684594
-2 -2.0 -1 -1 5.095953829934586
14 0.11475694552063942 13 14 0.22723543337744428
-2 -2.0 -1 -1 1.212288540707589
-2 -2.0 -1 -1 -0.8689104787386837
tree 15
23 0.001511349924840033 1 8 -0.002395203118935673
0 159.5 2 5 -0.07162049742388102
8 0.24695852398872375 3 4 -0.0970788185307773
-2 -2.0 -1 -1 -0.8778630277111278
-2 -2.0 -1 -1 0.9795513902030069
3 0.5877464711666107 6 7 0.024457357974589103
-2 -2.0 -1 -1 -0.6650941935839616
-2 -2.0 -1 -1 1.1485210346024721
14 0.04794171825051308 9 12 0.1170256534250157
6 0.26796405017375946 10 11 0.231917326474258
-2 -2.0 -1 -1 1.3039714455438511
-2 -2.0 -1 -1 -0.2906081103099341
24 0.1326708421111107 13 14 0.009687412167937596
-2 -2.0 -1 -1 -0.39637066656468456
-2 -2.0 -1 -1 0.9340226595231518
tree 15
24 0.07185886427760124 1 8 -0.0022144368790190357
34 0.7231515347957611 2 5 -0.05732661990686474
23 0.6891871392726898 3 4 -0.0714479492415067
-2 -2.0 -1 -1 -0.6723500555330262
-2 -2.0 -1 -1 0.6383709700874063
20 0.00054517577518709 6 7 0.1293535544363185
-2 -2.0 -1 -1 1.9069027700286485
-2 -2.0 -1 -1 -0.6445647241955296
19 -0.13024916499853134 9 12 0.12270388505185725
5 0.08069324120879173 10 11 -0.08369645050562485
-2 -2.0 -1 -1 1.5750913863567417
-2 -2.0 -1 -1 -0.9252108817948904
14 0.11606783419847488 13 14 0.18024694021185012
-2 -2.0 -1 -1 1.0797954330571489
-2 -2.0 -1 -1 -0.7917565053677035
tree 15
23 0.001511349924840033 1 8 -0.002021495004695625
8 0.058451633900403976 2 5 -0.06021781354754294
13 0.12369947507977486 3 4 -0.10793349098924578
-2 -2.0 -1 -1 -1.0809389203021447
-2 -2.0 -1 -1 -0.07046606006348409
14 0.03943238407373428 6 7 -0.01870178133258946
-2 -2.0 -1 -1 0.9451597634613417
-2 -2.0 -1 -1 -0.5648067746398229
14 0.045875851064920425 9 12 0.09837322744280336
6 0.26796405017375946 10 11 0.19960784583796443
-2 -2.0 -1 -1 1.2183569260600737
-2 -2.0 -1 -1 -0.36935812171955706
24 0.13256195187568665 13 14 0.010553886986421188
-2 -2.0 -1 -1 -0.31797648127440953
-2 -2.0 -1 -1 0.8481303448141043
tree 15
17 0.47738341987133026 1 8 -0.0018835242033641425
22 0.5333874225616455 2 5 -0.09688953534315356
31 0.9651468992233276 3 4 -0.0940142317676884
-2 -2.0 -1 -1 -1.0753325422285513
-2 -2.0 -1 -1 1.5645493317392647
4 1.8624999523162842 6 7 -0.18726427321511405
-2 -2.0 -1 -1 -1.1974363020918621
-2 -2.0 -1 -1 -1.3915263654925163
8 0.060155684128403664 9 12 0.05200534494108423
5 0.07568519562482834 10 11 -0.0918995290263792
-2 -2.0 -1 -1 1.183865941386416
-2 -2.0 -1 -1 -0.92700783765862
7 0.6772916615009308 13 14 0.10678731400824298
-2 -2.0 -1 -1 0.12160064935236657
-2 -2.0 -1 -1 1.058703977555863
tree 15
24 0.0011245631612837315 1 8 -0.0018457203110095678
12 0.25796078145504 2 5 -0.061865001499328484
0 280.5 3 4 -0.06785484113944845
-2 -2.0 -1 -1 -0.8290751310066498
-2 -2.0 -1 -1 0.29584645657615627
15 0.0654173195362091 6 7 0.22740901876763292
-2 -2.0 -1 -1 1.7790067239388525
-2 -2.0 -1 -1 -1.4270757355802017
14 0.0785425566136837 9 12 0.07154361476069947
17 0.47375261783599854 10 11 0.13481596506000276
-2 -2.0 -1 -1 -0.9740173940910604
-2 -2.0 -1 -1 0.9682234698573153
23 0.043196747079491615 13 14 -0.054816618344321645
-2 -2.0 -1 -1 -0.8248800651498502
-2 -2.0 -1 -1 0.24737048661114883
tree 15
17 0.4908714294433594 1 8 -0.0017462296209860453
22 0.424470454454422 2 5 -0.08014014026091505
23 0.8057471215724945 3 4 -0.07602154524561502
-2 -2.0 -1 -1 -0.9742652635713172
-2 -2.0 -1 -1 2.1298648535719047
19 -0.1367071270942688 6 7 -0.17832983301698535
-2 -2.0 -1 -1 -1.2446638424487602
-2 -2.0 -1 -1 -1.7798135916606612
8 0.060641536489129066 9 12 0.045301096302276626
13 0.11095654591917992 10 11 -0.07933945666590547
-2 -2.0 -1 -1 -0.8853345883636013
-2 -2.0 -1 -1 1.2471868975763343
7 0.6772916615009308 13 14 0.09279469192071327
-2 -2.0 -1 -1 0.1029610180516849
-2 -2.0 -1 -1 0.9845743986941642
tree 15
24 0.13218016922473907 1 8 -0.0016837268098482015
15 0.014066400937736034 2 5 -0.03733456682364717
9 0.0025282541755586863 3 4 0.0428770161405696
-2 -2.0 -1 -1 -0.7404376546688344
-2 -2.0 -1 -1 1.3027684534441817
22 0.10029586032032967 6 7 -0.056174615809305606
-2 -2.0 -1 -1 -0.4014287584630364
-2 -2.0 -1 -1 -1.2406543732073316
17 0.4521849900484085 9 12 0.09384444997430938
33 0.29944607615470886 10 11 -0.06538722298532924
-2 -2.0 -1 -1 -1.080761758238638
-2 -2.0 -1 -1 4.184498256904294
14 0.17717236280441284 13 14 0.13257647853205903
-2 -2.0 -1 -1 0.9130364736720274
-2 -2.0 -1 -1 -2.3322560143641105
tree 15
24 0.0011245631612837315 1 8 -0.0015423576706863472
12 0.25796078145504 2 5 -0.04953141848496738
0 280.5 3 4 -0.05452324126236613
-2 -2.0 -1 -1 -0.7672678657415138
-2 -2.0 -1 -1 0.2780553658272267
14 0.10459280386567116 6 7 0.19154425800002103
-2 -2.0 -1 -1 1.7084176776492987
-2 -2.0 -1 -1 -0.8978123451650653
14 0.04809984005987644 9 12 0.05713687330553048
3 0.293160155415535 10 11 0.1382287486573496
-2 -2.0 -1 -1 -0.9398895025551489
-2 -2.0 -1 -1 1.0526960984453329
7 0.5647876262664795 13 14 -0.01023509437322904
-2 -2.0 -1 -1 -0.8545733846631653
-2 -2.0 -1 -1 0.1736499710847268
tree 15
17 0.4908714294433594 1 8 -0.0014242152728684186
22 0.424470454454422 2 5 -0.06650472523164068
23 0.8057471215724945 3 4 -0.06319520812734683
-2 -2.0 -1 -1 -0.9440159805478513
-2 -2.0 -1 -1 1.9341571690867303
19 -0.14474333077669144 6 7 -0.14540553155864627
-2 -2.0 -1 -1 -1.1831522609905665
-2 -2.0 -1 -1 -1.4671975236415047
8 0.060641536489129066 9 12 0.037633205619756
13 0.11095654591917992 10 11 -0.06674000316891654
-2 -2.0 -1 -1 -0.848030201548781
-2 -2.0 -1 -1 1.2108520077790355
3 0.33173348009586334 13 14 0.07740404146379616
-2 -2.0 -1 -1 -0.7574625700354345
-2 -2.0 -1 -1 0.7069415434935286
tree 15
14 0.047043632715940475 1 8 -0.0013954581895354243
8 0.04622896574437618 2 5 0.060186447541314206
0 295.5 3 4 -0.07139235094365967
-2 -2.0 -1 -1 -0.9301542915944115
-2 -2.0 -1 -1 -1.276637196655352
3 0.2913797050714493 6 7 0.10454243700633745
-2 -2.0 -1 -1 -1.0288769057440807
-2 -2.0 -1 -1 0.9189053747106917
23 0.37235476076602936 9 12 -0.03632566123439997
29 0.8217122554779053 10 11 -0.04616244332820526
-2 -2.0 -1 -1 -0.552479703928498
-2 -2.0 -1 -1 1.4926718164307222
22 0.049886878579854965 13 14 0.057390107522103544
-2 -2.0 -1 -1 1.54532723182883
-2 -2.0 -1 -1 -0.9741704092125484
tree 13
17 0.47738341987133026 1 6 -0.00128730200780365
31 0.9651468992233276 2 5 -0.05969824375711133
0 281.5 3 4 -0.060141743013603685
-2 -2.0 -1 -1 -0.9956655165325262
-2 -2.0 -1 -1 -1.124509200288109
-2 -2.0 -1 -1 1.4422358761151333
8 0.05625341832637787 7 10 0.03184428154958824
13 0.12369947507977486 8 9 -0.05824817392392966
-2 -2.0 -1 -1 -0.823225525944818
-2 -2.0 -1 -1 1.2011754140001025
7 0.5848976075649261 11 12 0.06434146684171596
-2 -2.0 -1 -1 -0.2702087961769114
-2 -2.0 -1 -1 0.7298048686404954
tree 15
24 0.13218016922473907 1 8 -0.001258450361955309
7 0.648015707731247 2 5 -0.027012289560159806
0 1146.0 3 4 -0.057964658287404214
-2 -2.0 -1 -1 -0.8273365484963361
-2 -2.0 -1 -1 1.4977294006853639
8 0.08774315193295479 6 7 0.006456531909136601
-2 -2.0 -1 -1 -0.49948181861504676
-2 -2.0 -1 -1 0.46811455450050043
14 0.07402683421969414 9 12 0.06775022665223492
19 -0.1717200204730034 10 11 0.10441173193454752
-2 -2.0 -1 -1 -1.0685309829819314
-2 -2.0 -1 -1 0.9932687714179808
26 0.32461024820804596 13 14 -0.022422779376405546
-2 -2.0 -1 -1 0.02771800015781257
-2 -2.0 -1 -1 -1.8072279599214034
tree 15
14 0.045875851064920425 1 8 -0.0011514771077870776
9 0.0027943644672632217 2 5 0.05095776557643564
31 0.8087313175201416 3 4 -0.05066751041858252
-2 -2.0 -1 -1 -0.8750072594369447
-2 -2.0 -1 -1 0.9996667192771584
7 0.9274954199790955 6 7 0.08931505804274854
-2 -2.0 -1 -1 0.808122121830184
-2 -2.0 -1 -1 -1.9346420114889418
3 0.36201588809490204 9 12 -0.0298770066798094
12 0.5294519662857056 10 11 -0.08078334497196733
-2 -2.0 -1 -1 -0.977821330681701
-2 -2.0 -1 -1 1.7595667018556294
19 -0.09578472375869751 13 14 -0.014746324888877142
-2 -2.0 -1 -1 -0.849449205720552
-2 -2.0 -1 -1 0.17944836592589036
tree 15
24 0.0011245631612837315 1 8 -0.0011005975142262326
22 0.10029586032032967 2 5 -0.03399760611926053
34 0.4213124215602875 3 4 -0.024465875999903956
-2 -2.0 -1 -1 -0.49139840645357596
-2 -2.0 -1 -1 1.1500422293200676
15 0.011495535727590322 6 7 -0.14368363480618682
-2 -2.0 -1 -1 1.1358263970611588
-2 -2.0 -1 -1 -1.3236455967293808
14 0.10217589884996414 9 12 0.039124635770334176
31 0.09876358509063721 10 11 0.06679686521023034
-2 -2.0 -1 -1 0.6884498589198557
-2 -2.0 -1 -1 -0.8602936855051678
29 0.8157994151115417 13 14 -0.059634476408495195
-2 -2.0 -1 -1 -0.6546754885241595
-2 -2.0 -1 -1 3.767515446623686
tree 13
19 -0.14261658489704132 1 6 -0.0010272501584059636
31 0.9651468992233276 2 5 -0.046288013403539226
0 278.5 3 4 -0.04666053701448946
-2 -2.0 -1 -1 -0.9672358167292712
-2 -2.0 -1 -1 -1.0950297633135464
-2 -2.0 -1 -1 1.3539430347868053
3 0.33173348009586334 7 10 0.024645350118497247
12 0.3917628228664398 8 9 -0.08664594290666475
-2 -2.0 -1 -1 -0.9226809449561834
-2 -2.0 -1 -1 1.1155631917206705
0 80.5 11 12 0.04442247811973767
-2 -2.0 -1 -1 -0.21118445629561985
-2 -2.0 -1 -1 0.6891941121322468
tree 15
24 0.13218016922473907 1 8 -0.000994490460802078
7 0.5201227068901062 2 5 -0.0204976247032537
24 0.09774331748485565 3 4 -0.06897434168055809
-2 -2.0 -1 -1 -1.0132894649640565
-2 -2.0 -1 -1 -2.1623820468867927
17 0.4831434637308121 6 7 -0.0035789164270239636
-2 -2.0 -1 -1 -1.0172372614498195
-2 -2.0 -1 -1 0.22186101378733963
17 0.4521849900484085 9 12 0.05126511562525172
33 0.29944607615470886 10 11 -0.037700484083964744
-2 -2.0 -1 -1 -1.0502486804289677
-2 -2.0 -1 -1 4.418548360323145
14 0.17717236280441284 13 14 0.07290539663560176
-2 -2.0 -1 -1 0.7223006249427257
-2 -2.0 -1 -1 -2.0528656483145844
tree 15
14 0.045875851064920425 1 8 -0.0009746793890225605
8 0.04622896574437618 2 5 0.03971466854693892
14 0.045753177255392075 3 4 -0.04780790548930387
-2 -2.0 -1 -1 -1.0053186416565132
-2 -2.0 -1 -1 7.514638591438126
3 0.2913797050714493 6 7 0.06936988530612703
-2 -2.0 -1 -1 -1.0047870367242047
-2 -2.0 -1 -1 0.7730530413307034
29 0.8217122554779053 9 12 -0.023404924143945054
23 0.37235476076602936 10 11 -0.02737042260602107
-2 -2.0 -1 -1 -0.467268671145697
-2 -2.0 -1 -1 0.3459427099016856
18 -0.2716312110424042 13 14 0.14193912042696577
-2 -2.0 -1 -1 3.0878474119574566
-2 -2.0 -1 -1 -0.4258851506108958
tree 15
24 0.13367412984371185 1 8 -0.0009253338736671866
7 0.648015707731247 2 5 -0.01794178761554963
0 1146.0 3 4 -0.042989517314824754
-2 -2.0 -1 -1 -0.7572496227927582
-2 -2.0 -1 -1 1.3127079558577441
8 0.08774315193295479 6 7 0.009091623526801587
-2 -2.0 -1 -1 -0.4170278235432502
-2 -2.0 -1 -1 0.441310809485784
23 0.0016428112285211682 9 12 0.04482269470923075
30 0.0035771182738244534 10 11 -0.009073062840382522
-2 -2.0 -1 -1 -0.6453079168093209
-2 -2.0 -1 -1 0.9565370935059194
18 -0.4838813692331314 13 14 0.07460719230243805
-2 -2.0 -1 -1 -3.4147133605359152
-2 -2.0 -1 -1 0.8828667162285458
tree 15
14 0.016859407536685467 1 8 -0.0008394488364281212
8 0.049141183495521545 2 5 0.06598474478723242
7 0.7084320783615112 3 4 -0.04220347942647679
-2 -2.0 -1 -1 -1.0352668312339377
-2 -2.0 -1 -1 -1.2171326221399068
33 0.1281362622976303 6 7 0.10054173498493074
-2 -2.0 -1 -1 0.9141620767764215
-2 -2.0 -1 -1 1.4140444943357866
13 0.0008741686178836972 9 12 -0.011563900428645893
23 0.9315995872020721 10 11 -0.045721312583343686
-2 -2.0 -1 -1 -0.6195839596042866
-2 -2.0 -1 -1 2.03344956542177
19 -0.08582532033324242 13 14 0.0066791116726749615
-2 -2.0 -1 -1 -0.6862372134497874
-2 -2.0 -1 -1 0.4451461794804125
tree 15
3 0.3648899346590042 1 8 -0.0007755176605257883
12 0.5268881916999817 2 5 -0.04986716378579458
23 0.8428589701652527 3 4 -0.0538837822556968
-2 -2.0 -1 -1 -0.723460618488031
-2 -2.0 -1 -1 -1.6226686535622785
6 0.03728442266583443 6 7 0.2671109771306664
-2 -2.0 -1 -1 1.270169510342147
-2 -2.0 -1 -1 1.4904244289771635
0 83.5 9 12 0.012262114196060412
23 0.830952376127243 10 11 -0.02258615068887411
-2 -2.0 -1 -1 -0.5049717753466572
-2 -2.0 -1 -1 1.594511637385906
5 0.482544481754303 13 14 0.050959778299728274
-2 -2.0 -1 -1 0.8062268454956689
-2 -2.0 -1 -1 -0.15907126807324296
tree 15
24 0.0011245631612837315 1 8 -0.000714453504910921
22 0.10029586032032967 2 5 -0.022675095240556963
23 0.5834008008241653 3 4 -0.013950921813022599
-2 -2.0 -1 -1 -0.3299711951456265
-2 -2.0 -1 -1 1.044838791362267
23 0.8267448246479034 6 7 -0.12306819542905093
-2 -2.0 -1 -1 -0.99574567505547
-2 -2.0 -1 -1 -1.6491962490856251
14 0.10178376734256744 9 12 0.026138198889745938
7 0.5325562655925751 10 11 0.04575953562554914
-2 -2.0 -1 -1 -0.4212487245640454
-2 -2.0 -1 -1 0.6593882060524088
19 0.16069720685482025 13 14 -0.043294478345336306
-2 -2.0 -1 -1 -0.5948560120648613
-2 -2.0 -1 -1 2.0169736003837837
tree 15
19 -0.1254720240831375 1 8 -0.0006502765903795824
15 0.012049220036715269 2 5 -0.030911661851856526
19 -0.1482352912425995 3 4 0.011777800873191612
-2 -2.0 -1 -1 -0.8773777380894162
-2 -2.0 -1 -1 1.4016915274885549
19 -0.13301697373390198 6 7 -0.03487530079997884
-2 -2.0 -1 -1 -0.9201860458109163
-2 -2.0 -1 -1 -1.0896574814549493
31 0.08399376645684242 9 12 0.017990223100388676
7 0.5656234920024872 10 11 0.032805582654158484
-2 -2.0 -1 -1 -0.4507175345755519
-2 -2.0 -1 -1 0.571463624018292
7 0.7809044122695923 13 14 -0.07517853285630703
-2 -2.0 -1 -1 -0.44622932608136995
-2 -2.0 -1 -1 -1.8071591058716474
tree 15
30 0.0012262531090527773 1 8 -0.0006350892491664511
7 0.7086925208568573 2 5 -0.01820560700337652
25 0.05227272771298885 3 4 -0.037926256844944606
-2 -2.0 -1 -1 -0.45908686180792074
-2 -2.0 -1 -1 -1.2332493076864606
26 0.6606060564517975 6 7 0.011324801990151073
-2 -2.0 -1 -1 0.016994868117335454
-2 -2.0 -1 -1 1.6846948889053754
5 0.5930757820606232 9 12 0.030518462254354242
19 -0.14270305633544922 10 11 0.05473991208576555
-2 -2.0 -1 -1 -0.7251925642132513
-2 -2.0 -1 -1 0.7446698459865166
23 0.9201980233192444 13 14 -0.054621592906469646
-2 -2.0 -1 -1 -0.924804695847224
-2 -2.0 -1 -1 -2.223287540313591
tree 15
3 0.3319653868675232 1 8 -0.0006048400207733107
12 0.5294519662857056 2 5 -0.05109022756447565
7 0.8805240392684937 3 4 -0.054942608342357147
-2 -2.0 -1 -1 -0.7979012570851491
-2 -2.0 -1 -1 -1.35303926350671
26 0.01040141936391592 6 7 0.23090404537644763
-2 -2.0 -1 -1 1.2459512211973978
-2 -2.0 -1 -1 1.4115694879785294
0 80.5 9 12 0.009180990062149121
23 0.830952376127243 10 11 -0.019896488930719207
-2 -2.0 -1 -1 -0.47684264578039215
-2 -2.0 -1 -1 1.3509699225657272
5 0.482544481754303 13 14 0.039404837432999426
-2 -2.0 -1 -1 0.6821060771428016
-2 -2.0 -1 -1 -0.17381483992149158
tree 15
8 0.23419564217329025 1 8 -0.0005628291173487082
7 0.5656551718711853 2 5 -0.0046726640509805305
0 1266.5 3 4 -0.04311153628734749
-2 -2.0 -1 -1 -0.9151243784188128
-2 -2.0 -1 -1 1.2205300214719326
19 -0.1254720240831375 6 7 0.009889338267743365
-2 -2.0 -1 -1 -0.7248915264429463
-2 -2.0 -1 -1 0.3200725929948137
6 0.24795082211494446 9 12 0.10847158683273998
14 0.07191145047545433 10 11 0.06962920051531722
-2 -2.0 -1 -1 1.0915349610039453
-2 -2.0 -1 -1 -1.4586851541673143
26 0.005263158120214939 13 14 0.5301889239933305
-2 -2.0 -1 -1 3.326751007496506
-2 -2.0 -1 -1 1.9185938349329674
tree 15
31 0.07679487392306328 1 8 -0.0005471272917180174
8 0.05696394853293896 2 5 0.008357113698404191
5 0.06494122371077538 3 4 -0.02801873861755011
-2 -2.0 -1 -1 1.1530024665836287
-2 -2.0 -1 -1 -0.7254631753365214
19 -0.13602859526872635 6 7 0.02668724412657661
-2 -2.0 -1 -1 -0.8785960632126649
-2 -2.0 -1 -1 0.4713180946336308
0 689.5 9 12 -0.04792557139821904
5 0.449343740940094 10 11 -0.0365299103736767
-2 -2.0 -1 -1 -0.9048770410518872
-2 -2.0 -1 -1 0.8868597812969167
9 0.05361201800405979 13 14 -0.2425064833922787
-2 -2.0 -1 -1 -1.9337458085531558
-2 -2.0 -1 -1 0.43010270662425115
tree 15
14 0.03042751830071211 1 8 -0.0005418218839356144
8 0.04622896574437618 2 5 0.035199317623700155
7 0.7107019424438477 3 4 -0.03340438331326389
-2 -2.0 -1 -1 -1.027823570596927
-2 -2.0 -1 -1 -1.1311182373117317
7 0.9256790578365326 6 7 0.0587032404478686
-2 -2.0 -1 -1 0.7664778236125167
-2 -2.0 -1 -1 -2.0019998212832935
22 0.047982022166252136 9 12 -0.011361973011959957
23 0.29351265728473663 10 11 -0.003805440194297652
-2 -2.0 -1 -1 -0.22976756183470445
-2 -2.0 -1 -1 1.1857859800777766
21 0.00013151868915883824 13 14 -0.072479836889529
-2 -2.0 -1 -1 0.46000964767879304
-2 -2.0 -1 -1 -1.2447908281170021
tree 15
3 0.4092390686273575 1 8 -0.0004891463827875591
22 0.04765551537275314 2 5 -0.03197967059713252
34 0.45199692249298096 3 4 -0.02406285128803347
-2 -2.0 -1 -1 -0.5564007550126276
-2 -2.0 -1 -1 1.3892045405732973
14 0.012911885976791382 6 7 -0.11815120384617259
-2 -2.0 -1 -1 -14.516405784169619
-2 -2.0 -1 -1 -1.2325326091609907
0 177.5 9 12 0.011185205125589947
29 0.08032257854938507 10 11 -0.00608098995082126
-2 -2.0 -1 -1 -0.30593809088965546
-2 -2.0 -1 -1 0.7615312764407891
7 0.8998486399650574 13 14 0.061802847767050105
-2 -2.0 -1 -1 0.9369487324853722
-2 -2.0 -1 -1 -1.5118776989890341
tree 15
30 0.0011783287627622485 1 8 -0.0004148551055795202
7 0.7032890319824219 2 5 -0.014118627564959503
25 0.05227272771298885 3 4 -0.030993672131691574
-2 -2.0 -1 -1 -0.4376821368406583
-2 -2.0 -1 -1 -1.1992208355732699
26 0.711482048034668 6 7 0.00905368973033368
-2 -2.0 -1 -1 0.017741163336919573
-2 -2.0 -1 -1 1.5255812978538126
5 0.5930757820606232 9 12 0.023813680211761477
28 0.7841874957084656 10 11 0.042448443200406784
-2 -2.0 -1 -1 0.4794376858742005
-2 -2.0 -1 -1 2.66754779350108
23 0.9201980233192444 13 14 -0.04138260228802216
-2 -2.0 -1 -1 -0.8617287428947066
-2 -2.0 -1 -1 -1.8926817447148714
tree 15
31 0.07679487392306328 1 8 -0.0004024344741117064
7 0.5656551718711853 2 5 0.0071260512956898255
8 0.22054988890886307 3 4 -0.02559622596948916
-2 -2.0 -1 -1 -0.7946224642963153
-2 -2.0 -1 -1 1.097302321907435
19 -0.14640651643276215 6 7 0.021287424175443267
-2 -2.0 -1 -1 -0.9584673908634862
-2 -2.0 -1 -1 0.45229881153409074
0 689.5 9 12 -0.04046064298922454
5 0.449343740940094 10 11 -0.03098154182640127
-2 -2.0 -1 -1 -0.8549357094184967
-2 -2.0 -1 -1 0.7987318456449304
33 0.03704545460641384 13 14 -0.20231629534443135
-2 -2.0 -1 -1 -0.16949754230607209
-2 -2.0 -1 -1 -1.9189633473802228
tree 15
3 0.33121588826179504 1 8 -0.00040595703494750743
10 0.1365668997168541 2 5 -0.03884898586658603
12 0.5294519662857056 3 4 -0.043754910968019284
-2 -2.0 -1 -1 -0.9198941331297448
-2 -2.0 -1 -1 1.2104723980864462
21 0.00018165640358347446 6 7 0.14731796140358983
-2 -2.0 -1 -1 -1.0816345707655686
-2 -2.0 -1 -1 1.6837925988696238
0 80.5 9 12 0.007021677778476174
23 0.830952376127243 10 11 -0.014386528223292179
-2 -2.0 -1 -1 -0.40919727050791255
-2 -2.0 -1 -1 1.1551207694282866
21 0.14064542949199677 13 14 0.029273444613115124
-2 -2.0 -1 -1 0.4332170215341461
-2 -2.0 -1 -1 -1.573282657602953
tree 15
21 0.001405167335178703 1 8 -0.00038817262893747154
12 0.0011788049014285207 2 5 0.00896338731143888
29 0.2984098941087723 3 4 -0.012016010475001414
-2 -2.0 -1 -1 -0.4243102500769852
-2 -2.0 -1 -1 1.3115669154625686
17 0.4906119257211685 6 7 0.03775242355958977
-2 -2.0 -1 -1 -0.6049471122935394
-2 -2.0 -1 -1 0.7230723023084706
22 0.0433585774153471 9 12 -0.029331083053722274
23 0.39629021286964417 10 11 -0.0038114973166611535
-2 -2.0 -1 -1 -0.34410457237585246
-2 -2.0 -1 -1 1.3247225346579967
23 0.8436376750469208 13 14 -0.10516330401616375
-2 -2.0 -1 -1 -1.1292106780157947
-2 -2.0 -1 -1 -1.3317738688458693
tree 15
24 0.13715677708387375 1 8 -0.000351531512855184
4 0.6348484754562378 2 5 -0.009868617790299591
12 0.2415870726108551 3 4 -0.04549714972739513
-2 -2.0 -1 -1 -0.8564803794932142
-2 -2.0 -1 -1 1.010572484314881
15 0.009929800871759653 6 7 -0.0014264628699955971
-2 -2.0 -1 -1 0.6161215924571461
-2 -2.0 -1 -1 -0.1794044734747535
34 0.1669670194387436 9 12 0.02552038488498193
9 0.991990327835083 10 11 0.028272213854232824
-2 -2.0 -1 -1 0.36441922629955736
-2 -2.0 -1 -1 1.2766097494238542
17 0.611337810754776 13 14 -0.39447751154693156
-2 -2.0 -1 -1 0.9579835041015963
-2 -2.0 -1 -1 -3.2697478398279674
tree 15
3 0.4092390686273575 1 8 -0.00031810437668178346
22 0.04765551537275314 2 5 -0.024969662668188255
34 0.45199692249298096 3 4 -0.018766615007141874
-2 -2.0 -1 -1 -0.5051112753646415
-2 -2.0 -1 -1 1.324396179702692
14 0.012911885976791382 6 7 -0.09248745067111573
-2 -2.0 -1 -1 -3.974838817779362
-2 -2.0 -1 -1 -1.1612339657938862
0 177.5 9 12 0.008820865643804732
12 0.07742257788777351 10 11 -0.004599175615237559
-2 -2.0 -1 -1 -0.22304581867487083
-2 -2.0 -1 -1 0.7796227213321295
7 0.8998486399650574 13 14 0.04816310924047841
-2 -2.0 -1 -1 0.8483977382703517
-2 -2.0 -1 -1 -1.3730845651681869
tree 15
30 0.0011783287627622485 1 8 -0.0002787408509972466
24 0.9759001135826111 2 5 -0.01133789471844177
23 0.01950219739228487 3 4 -0.012464773725733276
-2 -2.0 -1 -1 -0.45121768327424977
-2 -2.0 -1 -1 0.22108094971654085
26 0.02039337530732155 6 7 0.2068258810931819
-2 -2.0 -1 -1 0.8792829671885911
-2 -2.0 -1 -1 8.515143425401515
5 0.5930757820606232 9 12 0.019274057537295098
28 0.7841874957084656 10 11 0.034186464425790694
-2 -2.0 -1 -1 0.43198789610774274
-2 -2.0 -1 -1 2.016399678611204
12 0.19945748150348663 13 14 -0.03289904994180121
-2 -2.0 -1 -1 -0.7719683526819232
-2 -2.0 -1 -1 -1.4907541491699532
tree 15
14 0.046470100060105324 1 8 -0.0002793845374876242
9 0.016857070848345757 2 5 0.019221175478916806
23 0.8433716893196106 3 4 -0.014776231572366273
-2 -2.0 -1 -1 -0.2032947176590675
-2 -2.0 -1 -1 -1.6302526511133446
7 0.9354551136493683 6 7 0.03795509637768626
-2 -2.0 -1 -1 0.624757793576739
-2 -2.0 -1 -1 -1.577818299556514
29 0.8217122554779053 9 12 -0.011204758039337924
3 0.07547088339924812 10 11 -0.014652045334072602
-2 -2.0 -1 -1 2.5506514808849685
-2 -2.0 -1 -1 -0.2696185180328249
2 8.5 13 14 0.13383478534648402
-2 -2.0 -1 -1 -0.19119472944278085
-2 -2.0 -1 -1 2.4901660150940317
tree 15
7 0.5656551718711853 1 8 -0.0002555597892598295
8 0.2014307603240013 2 5 -0.022779716494436754
24 0.09247289597988129 3 4 -0.03214580288137495
-2 -2.0 -1 -1 -0.7550342056476508
-2 -2.0 -1 -1 -0.9408411444246046
6 0.06679576449096203 6 7 0.06530609595414819
-2 -2.0 -1 -1 3.2954951396414445
-2 -2.0 -1 -1 0.8843770132182006
8 0.060155684128403664 9 12 0.008805247035068787
20 0.0252221692353487 10 11 -0.021068538448795467
-2 -2.0 -1 -1 -0.5484343737342251
-2 -2.0 -1 -1 4.065898262097538
32 0.03561670705676079 13 14 0.021576519322520145
-2 -2.0 -1 -1 0.5541417781090316
-2 -2.0 -1 -1 -0.36347684608365355
tree 15
21 0.001405167335178703 1 8 -0.00025507651702645986
8 0.060155684128403664 2 5 0.007471928771204807
13 0.39478763937950134 3 4 -0.018502460350444613
-2 -2.0 -1 -1 -0.5400481006372809
-2 -2.0 -1 -1 2.783923916100937
19 -0.12938807159662247 6 7 0.022092806629726038
-2 -2.0 -1 -1 -0.6806272735304426
-2 -2.0 -1 -1 0.5329001472796698
22 0.0433585774153471 9 12 -0.024170019407304975
23 0.29516273736953735 10 11 -0.002622107545534263
-2 -2.0 -1 -1 -0.33446142846071325
-2 -2.0 -1 -1 1.2499466733591207
2 4.0 13 14 -0.08820029130971957
-2 -2.0 -1 -1 1.6979379991717785
-2 -2.0 -1 -1 -1.1724916930898006
tree 15
4 0.4232323318719864 1 8 -0.0002483372856706612
7 0.7819706797599792 2 5 -0.05140968003361408
7 0.6954801082611084 3 4 -0.04050346114259876
-2 -2.0 -1 -1 -0.7284333374949703
-2 -2.0 -1 -1 -1.1588497813706577
17 0.5013165771961212 6 7 -0.17183251362190854
-2 -2.0 -1 -1 -1.1171868292764726
-2 -2.0 -1 -1 -1.9070405889327402
19 -0.14624737203121185 9 12 0.003205441750572208
31 0.9651468992233276 10 11 -0.015748304586283776
-2 -2.0 -1 -1 -0.9015620345649435
-2 -2.0 -1 -1 1.1836767726263426
21 0.2647765278816223 13 14 0.014303913216708994
-2 -2.0 -1 -1 0.21684344079729875
-2 -2.0 -1 -1 -1.432295169835699
tree 13
3 0.3648899346590042 1 6 -0.00025776277519504827
3 0.36474287509918213 2 5 -0.025474105812326637
8 0.26034240424633026 3 4 -0.024789872830641508
-2 -2.0 -1 -1 -0.5794088736301548
-2 -2.0 -1 -1 1.8038667182675947
-2 -2.0 -1 -1 -3.1344946022585822
0 177.5 7 10 0.006439128106169951
29 0.05150309577584267 8 9 -0.0039767232570837325
-2 -2.0 -1 -1 -0.28066139752100927
-2 -2.0 -1 -1 0.5967252639618259
7 0.8998486399650574 11 12 0.03512061486423532
-2 -2.0 -1 -1 0.7257492703954025
-2 -2.0 -1 -1 -1.273939088475284
tree 15
7 0.5656551718711853 1 8 -0.00023015405239117318
8 0.2014307603240013 2 5 -0.02058025619478569
24 0.09247289597988129 3 4 -0.02832212410816026
-2 -2.0 -1 -1 -0.7159248272876884
-2 -2.0 -1 -1 -0.9312923372189328
6 0.06679576449096203 6 7 0.0522301682286178
-2 -2.0 -1 -1 2.575371053954665
-2 -2.0 -1 -1 0.793794003407572
31 0.07679487392306328 9 12 0.007956094462085462
19 -0.14640651643276215 10 11 0.01602201925384127
-2 -2.0 -1 -1 -0.9166694430197979
-2 -2.0 -1 -1 0.38818205800826167
32 0.010883182752877474 13 14 -0.029773884746737846
-2 -2.0 -1 -1 0.7585738924856142
-2 -2.0 -1 -1 -0.9997073634221679
tree 15
14 0.046470100060105324 1 8 -0.00024119585481274049
9 0.016857070848345757 2 5 0.015799827922330433
23 0.8433716893196106 3 4 -0.01243063474757507
-2 -2.0 -1 -1 -0.1951295136690562
-2 -2.0 -1 -1 -1.5225188272249506
15 0.009952978231012821 6 7 0.03135593353344093
-2 -2.0 -1 -1 1.1922076920626297
-2 -2.0 -1 -1 0.35053037281522975
29 0.8217122554779053 9 12 -0.009228331402198184
3 0.07547088339924812 10 11 -0.01206482099165587
-2 -2.0 -1 -1 2.336289294810148
-2 -2.0 -1 -1 -0.2468407136879959
2 8.5 13 14 0.11011279676601368
-2 -2.0 -1 -1 -0.1961865919711114
-2 -2.0 -1 -1 1.9460728170047805
tree 13
7 0.5201227068901062 1 8 -0.0002100828582388213
8 0.20073450356721878 2 5 -0.02306603489879199
24 0.5903305411338806 3 4 -0.03019956817908546
-2 -2.0 -1 -1 -0.8983872223322883
-2 -2.0 -1 -1 -2.8405012827896665
31 0.23752516508102417 6 7 0.04826929790414325
-2 -2.0 -1 -1 0.8242455167285798
-2 -2.0 -1 -1 2.0808339939400335
7 0.5204004943370819 9 10 0.006021044139171801
-2 -2.0 -1 -1 8.801928648330348
23 0.01950219739228487 11 12 0.005530452056790308
-2 -2.0 -1 -1 -0.08247694486046975
-2 -2.0 -1 -1 0.4251436177735879
tree 15
3 0.4092390686273575 1 8 -0.00021227889530748545
13 0.2403409108519554 2 5 -0.019237335207714572
22 0.04765551537275314 3 4 -0.017655136794632098
-2 -2.0 -1 -1 -0.31486671280880624
-2 -2.0 -1 -1 -1.1748914900971896
17 0.7574235498905182 6 7 -0.1954367039373568
-2 -2.0 -1 -1 -1.2417211204174292
-2 -2.0 -1 -1 -1.7764638928125354
0 136.5 9 12 0.006840801369280115
22 0.5372133851051331 10 11 -0.005738197805332415
-2 -2.0 -1 -1 -0.033777696539708385
-2 -2.0 -1 -1 -1.3478637072560766
7 0.9086340367794037 13 14 0.032146520576020986
-2 -2.0 -1 -1 0.641365476190489
-2 -2.0 -1 -1 -1.3294497099536962
tree 15
27 0.26480327546596527 1 8 -0.00020164621058521768
27 0.26440612971782684 2 5 0.00379169484035011
32 0.03561670705676079 3 4 0.0034073818726200506
-2 -2.0 -1 -1 0.21933273893053587
-2 -2.0 -1 -1 -0.42982080273737694
33 0.02777777798473835 6 7 0.5251762877274627
-2 -2.0 -1 -1 -1.0109967118149021
-2 -2.0 -1 -1 4.835659655312434
34 0.0038360098842531443 9 12 -0.032927759088773274
17 0.8359937071800232 10 11 -0.024389794009104383
-2 -2.0 -1 -1 -1.0546465879501843
-2 -2.0 -1 -1 1.9862597763590062
17 0.8018801808357239 13 14 -0.1491947541442643
-2 -2.0 -1 -1 -1.2819848732122217
-2 -2.0 -1 -1 -4.3847792558869205
tree 15
4 0.4232323318719864 1 8 -0.00020240701675179788
7 0.7819706797599792 2 5 -0.04272120010397776
7 0.6954801082611084 3 4 -0.03304138196038801
-2 -2.0 -1 -1 -0.6730601307655366
-2 -2.0 -1 -1 -1.1256507058454308
17 0.5013165771961212 6 7 -0.14960252543944805
-2 -2.0 -1 -1 -1.0854955397871764
-2 -2.0 -1 -1 -1.8098553368765353
4 0.42462122440338135 9 12 0.002667934305885021
8 0.020675767213106155 10 11 0.49892344671038824
-2 -2.0 -1 -1 -1.075300733864061
-2 -2.0 -1 -1 4.616783259547538
27 0.26480327546596527 13 14 0.0023199290377191708
-2 -2.0 -1 -1 0.12489207224478435
-2 -2.0 -1 -1 -1.1056387516620367
tree 15
22 0.10029586032032967 1 8 -0.00020539950132715073
23 0.37235476076602936 2 5 0.0034314314192007366
34 0.45199692249298096 3 4 -0.0021638568848189924
-2 -2.0 -1 -1 -0.1233262975463215
-2 -2.0 -1 -1 0.880916591954298
7 0.9274951815605164 6 7 0.05729329176846266
-2 -2.0 -1 -1 1.0410064567401909
-2 -2.0 -1 -1 -1.9323689511404085
20 0.0004426681116456166 9 12 -0.03375048649313103
23 0.8571428656578064 10 11 0.047239412970802
-2 -2.0 -1 -1 0.9142879401738045
-2 -2.0 -1 -1 -3.808101241196193
23 0.7800179421901703 13 14 -0.06589335284287948
-2 -2.0 -1 -1 -0.9743831265406672
-2 -2.0 -1 -1 -1.3126258131927364
tree 15
24 0.9759001135826111 1 8 -0.0001763973147203177
0 80.5 2 5 -0.0007959794751747489
23 0.830952376127243 3 4 -0.012303869961323282
-2 -2.0 -1 -1 -0.43432447254855966
-2 -2.0 -1 -1 0.9493847069035591
3 0.6240287721157074 6 7 0.009365597241821219
-2 -2.0 -1 -1 -0.025400344412435008
-2 -2.0 -1 -1 0.6088674858623168
19 0.11952318623661995 9 12 0.18797005207661008
9 0.15817245934158564 10 11 0.03962550736965114
-2 -2.0 -1 -1 -1.1139033040643571
-2 -2.0 -1 -1 1.2438476410678343
1 5.0 13 14 0.5959175500207471
-2 -2.0 -1 -1 1.6916902511983671
-2 -2.0 -1 -1 4.607442739657113
tree 15
7 0.5324510335922241 1 8 -0.00016144422463615745
25 0.3651515245437622 2 5 -0.01945778321675206
24 0.2084987834095955 3 4 -0.01573030610088371
-2 -2.0 -1 -1 -0.8788101657363345
-2 -2.0 -1 -1 0.910472651052203
24 0.17210526019334793 6 7 -0.11872638430250773
-2 -2.0 -1 -1 -1.175350775991397
-2 -2.0 -1 -1 -2.4190694401680983
31 0.07679487392306328 9 12 0.005594565986080206
19 -0.12934523820877075 10 11 0.011973795300059726
-2 -2.0 -1 -1 -0.6790434895170758
-2 -2.0 -1 -1 0.33665843272683643
0 689.5 13 14 -0.023556089486661658
-2 -2.0 -1 -1 -0.40599470226927015
-2 -2.0 -1 -1 -1.2145132982652387
tree 15
3 0.33121588826179504 1 8 -0.0001658146833221199
10 0.1365668997168541 2 5 -0.02338446414914248
15 0.03204076364636421 3 4 -0.02692912028048308
-2 -2.0 -1 -1 -1.1087348625602491
-2 -2.0 -1 -1 -0.4460763682083319
0 234.0 6 7 0.11112590799278366
-2 -2.0 -1 -1 -0.06529477260658466
-2 -2.0 -1 -1 1.5322646859544902
8 0.026424395851790905 9 12 0.004320295135139267
23 0.560606062412262 10 11 -0.024569941382078533
-2 -2.0 -1 -1 -0.8501671226007117
-2 -2.0 -1 -1 -2.423379779612854
29 0.9790862202644348 13 14 0.010018869452852427
-2 -2.0 -1 -1 0.1619855758895047
-2 -2.0 -1 -1 1.866013561419633
tree 15
14 0.1778116524219513 1 8 -0.00017084904143760364
14 0.1776377186179161 2 5 0.0029068965160356994
13 0.18845224380493164 3 4 0.0024508130390164143
-2 -2.0 -1 -1 0.012668458212157643
-2 -2.0 -1 -1 1.1097245644477227
13 0.0850081704556942 6 7 0.6382311800038855
-2 -2.0 -1 -1 26.688006996754893
-2 -2.0 -1 -1 -1.0104750202553907
17 0.5305535793304443 9 12 -0.03334386945729665
17 0.519064724445343 10 11 -0.010724020426608836
-2 -2.0 -1 -1 -1.0557015072127864
-2 -2.0 -1 -1 0.895312047387226
16 0.00048449612222611904 13 14 -0.10612077503429228
-2 -2.0 -1 -1 -1.299190119842963
-2 -2.0 -1 -1 2.287121570456523
tree 15
30 0.0011783287627622485 1 8 -0.0002635174448303268
7 0.6773459315299988 2 5 -0.007827400649644982
25 0.061862245202064514 3 4 -0.019888047621934805
-2 -2.0 -1 -1 -0.465907225691297
-2 -2.0 -1 -1 -1.1264787642537575
26 0.711482048034668 6 7 0.004748081497809075
-2 -2.0 -1 -1 -0.012271332344235202
-2 -2.0 -1 -1 1.3669352674279132
22 0.021947024390101433 9 12 0.013109574665923067
34 0.25112612545490265 10 11 0.02324424810585982
-2 -2.0 -1 -1 0.3733748025185805
-2 -2.0 -1 -1 1.1592453125482227
19 0.010581597220152617 13 14 -0.03073106108554536
-2 -2.0 -1 -1 -0.9500328961199672
-2 -2.0 -1 -1 0.6450574978626873
tree 13
11 0.1434004157781601 1 8 -0.00024510896955424723
29 0.8217122554779053 2 5 0.0020770637189460647
7 0.893398642539978 3 4 0.0003234853037676446
-2 -2.0 -1 -1 0.09504067935464562
-2 -2.0 -1 -1 -0.8598764158930546
7 0.8215071558952332 6 7 0.13117671600880634
-2 -2.0 -1 -1 0.5261213741735149
-2 -2.0 -1 -1 1.8948100630819074
3 0.13486012071371078 9 10 -0.04177553622504761
-2 -2.0 -1 -1 -4.671350888493495
29 0.07373428344726562 11 12 -0.03868776184486771
-2 -2.0 -1 -1 -0.24091425929597493
-2 -2.0 -1 -1 -1.4772471007272145
tree 15
14 0.023580918088555336 1 8 -0.0002287494439624062
31 0.011747126467525959 2 5 0.020357671281150284
24 0.0006009615608491004 3 4 0.007540395979778801
-2 -2.0 -1 -1 -0.585802028026526
-2 -2.0 -1 -1 0.6608029258922973
7 0.9008476138114929 6 7 0.05880949718526487
-2 -2.0 -1 -1 0.9828781671118352
-2 -2.0 -1 -1 -1.316272366520279
13 0.0009009272325783968 9 12 -0.00483781418049003
3 0.07319661602377892 10 11 -0.02129322518558711
-2 -2.0 -1 -1 1.8869347310442282
-2 -2.0 -1 -1 -0.520191035567343
17 0.6256406307220459 13 14 0.003755492585726585
-2 -2.0 -1 -1 -0.1643829519229229
-2 -2.0 -1 -1 0.3859963609978598
tree 15
4 0.4232323318719864 1 8 -0.00020201335992923105
7 0.7819706797599792 2 5 -0.03623885791265935
7 0.6864348351955414 3 4 -0.027467852742959993
-2 -2.0 -1 -1 -0.5774984599977985
-2 -2.0 -1 -1 -1.102409897605028
17 0.5943560600280762 6 7 -0.13308537332808973
-2 -2.0 -1 -1 -1.140400712244315
-2 -2.0 -1 -1 -1.8755011316772925
4 0.42462122440338135 9 12 0.0022307472277229763
8 0.020675767213106155 10 11 0.4380876974133108
-2 -2.0 -1 -1 -1.0710773998930807
-2 -2.0 -1 -1 3.229055032962211
18 -0.48715877532958984 13 14 0.0019250971925297215
-2 -2.0 -1 -1 -1.8808381060173804
-2 -2.0 -1 -1 0.058160578774727655
tree 13
3 0.3648899346590042 1 6 -0.0001917011649466417
3 0.36474287509918213 2 5 -0.018166190022673466
8 0.26034240424633026 3 4 -0.01750709542395292
-2 -2.0 -1 -1 -0.503772822662397
-2 -2.0 -1 -1 1.3878021741883046
-2 -2.0 -1 -1 -2.8537087496679554
0 136.5 7 10 0.004581916895025696
22 0.5372133851051331 8 9 -0.004797098912091788
-2 -2.0 -1 -1 -0.03808072725017387
-2 -2.0 -1 -1 -1.2899543097654587
7 0.8998486399650574 11 12 0.02240581360156379
-2 -2.0 -1 -1 0.5461449353066803
-2 -2.0 -1 -1 -1.0030475137723212
tree 15
7 0.5735388696193695 1 8 -0.00017925991217311642
8 0.15920372307300568 2 5 -0.014487745572026655
24 0.09251337125897408 3 4 -0.021910521581569038
-2 -2.0 -1 -1 -0.6264808198561733
-2 -2.0 -1 -1 -1.133857364815446
20 0.0010524861863814294 6 7 0.021489028363585294
-2 -2.0 -1 -1 1.2474999658698367
-2 -2.0 -1 -1 -0.23445735412071142
5 0.07498693838715553 9 12 0.0059721353621193475
24 0.049242425709962845 10 11 0.07922814750621689
-2 -2.0 -1 -1 -1.2159315966464384
-2 -2.0 -1 -1 1.2205455317959015
8 0.06111413799226284 13 14 0.0035326367359175977
-2 -2.0 -1 -1 -0.48380151417305234
-2 -2.0 -1 -1 0.2347487156456049
tree 15
24 0.9759001135826111 1 8 -0.0001626894434285656
14 0.046470100060105324 2 5 -0.0006898482783362786
18 -0.49164609611034393 3 4 0.011347756609602262
-2 -2.0 -1 -1 -2.527675093269734
-2 -2.0 -1 -1 0.2882495869917423
29 0.8217122554779053 6 7 -0.007468746569725141
-2 -2.0 -1 -1 -0.22523238915644792
-2 -2.0 -1 -1 0.9929257543698714
19 0.11952318623661995 9 12 0.15991787675688623
13 0.15243465453386307 10 11 0.029901655028019395
-2 -2.0 -1 -1 -1.0946726110950695
-2 -2.0 -1 -1 1.1808022135962846
9 0.1699604718014598 13 14 0.5174624865112699
-2 -2.0 -1 -1 3.3660879881430428
-2 -2.0 -1 -1 1.4970188508093818
tree 15
21 0.0017331074923276901 1 8 -0.00014924695910962968
12 0.0008053221390582621 2 5 0.0046382502139761415
29 0.5689356327056885 3 4 -0.007095340541761037
-2 -2.0 -1 -1 -0.29269564818916743
-2 -2.0 -1 -1 1.1515526821015123
19 0.007023750338703394 6 7 0.020314265009398817
-2 -2.0 -1 -1 0.08926102043936146
-2 -2.0 -1 -1 0.7921922069459799
22 0.0433585774153471 9 12 -0.016021676208122095
23 0.6651337742805481 10 11 -0.0013065396987684149
-2 -2.0 -1 -1 -0.1996853183285606
-2 -2.0 -1 -1 1.2084135097833086
23 0.6826587319374084 13 14 -0.060334303196516656
-2 -2.0 -1 -1 -1.0219358972784103
-2 -2.0 -1 -1 -1.123793790517468
tree 15
3 0.48744748532772064 1 8 -0.00013450437042877416
29 0.9524187743663788 2 5 -0.011157436772309076
30 0.013490763492882252 3 4 -0.012472496732943133
-2 -2.0 -1 -1 -0.5195474893269127
-2 -2.0 -1 -1 0.28970932869215404
19 0.09363450296223164 6 7 0.22226570624024103
-2 -2.0 -1 -1 1.8430344617682168
-2 -2.0 -1 -1 -1.0443728188555346
2 22.5 9 12 0.006930463075659623
22 0.5916179418563843 10 11 0.00014541456061705304
-2 -2.0 -1 -1 0.07145815455921044
-2 -2.0 -1 -1 -1.1951215672078677
12 0.23091836273670197 13 14 0.04439918532032106
-2 -2.0 -1 -1 0.8365504611494133
-2 -2.0 -1 -1 -1.4931294452596702
tree 15
11 0.1434004157781601 1 8 -0.0001212682257538135
29 0.8217122554779053 2 5 0.0018807612656409575
14 0.11150304600596428 3 4 0.0005040337518500688
-2 -2.0 -1 -1 0.16238381258809498
-2 -2.0 -1 -1 -0.5295319082490478
7 0.8215071558952332 6 7 0.10323639029817741
-2 -2.0 -1 -1 0.30760772629330435
-2 -2.0 -1 -1 1.6261345127415714
20 0.020458846352994442 9 12 -0.035926159294995666
29 0.07373428344726562 10 11 -0.049768471222331655
-2 -2.0 -1 -1 -0.5345049057471903
-2 -2.0 -1 -1 -1.4680754961057116
0 25.0 13 14 0.11772350309843405
-2 -2.0 -1 -1 1.3662869450790462
-2 -2.0 -1 -1 0.39033085185955047
tree 15
31 0.07679487392306328 1 8 -0.00011631971521197091
31 0.016465443186461926 2 5 0.0035654824456301903
3 0.07547088339924812 3 4 -0.002119448690398313
-2 -2.0 -1 -1 1.8796538429230938
-2 -2.0 -1 -1 -0.06023210166442511
18 -0.4862591475248337 6 7 0.03101680900702845
-2 -2.0 -1 -1 -1.612817540102433
-2 -2.0 -1 -1 0.6016450095526409
0 689.5 9 12 -0.01970676634420193
24 0.23273739963769913 10 11 -0.013823969562212005
-2 -2.0 -1 -1 -0.5523657468855369
-2 -2.0 -1 -1 2.0485241810520893
33 0.05462820455431938 13 14 -0.1201555213966797
-2 -2.0 -1 -1 -0.2690812471286565
-2 -2.0 -1 -1 -1.6845290952618956
tree 15
7 0.5709679126739502 1 8 -0.00010730424673959847
8 0.15602219104766846 2 5 -0.012630089028331253
24 0.09251337125897408 3 4 -0.019484413233183884
-2 -2.0 -1 -1 -0.6059913846351442
-2 -2.0 -1 -1 -1.112228092780213
21 0.0025970001006498933 6 7 0.017803110441214225
-2 -2.0 -1 -1 0.8987861130490639
-2 -2.0 -1 -1 -0.8263491383457541
9 0.0016723622102290392 9 12 0.005198299274433224
26 0.7027972042560577 10 11 -0.016124848407670152
-2 -2.0 -1 -1 -0.5685950209377431
-2 -2.0 -1 -1 1.084237924063067
17 0.4735083132982254 13 14 0.011961858223249758
-2 -2.0 -1 -1 -0.6864753673744346
-2 -2.0 -1 -1 0.33078398745211013
tree 15
3 0.5919871628284454 1 8 -0.00010963480424849586
29 0.8985185027122498 2 5 -0.007679094772275881
7 0.9281693398952484 3 4 -0.008698773351420419
-2 -2.0 -1 -1 -0.16835422873512926
-2 -2.0 -1 -1 -1.3017739845773144
8 0.029491998255252838 6 7 0.14699339970171377
-2 -2.0 -1 -1 -1.103933332734486
-2 -2.0 -1 -1 1.5228974704280727
2 22.5 9 12 0.008584389973321248
17 0.7646627724170685 10 11 0.0016630696047453108
-2 -2.0 -1 -1 -0.082681722843188
-2 -2.0 -1 -1 0.8434922888045973
31 0.0368586890399456 13 14 0.06457609705757011
-2 -2.0 -1 -1 0.745791273216609
-2 -2.0 -1 -1 1.2094516544032197
tree 15
4 0.4232323318719864 1 8 -9.119760876592885e-05
7 0.7819706797599792 2 5 -0.03099028182267289
7 0.6864348351955414 3 4 -0.023117955960975906
-2 -2.0 -1 -1 -0.5752587623855868
-2 -2.0 -1 -1 -1.0715673645465318
5 0.3144814223051071 6 7 -0.11791387987891062
-2 -2.0 -1 -1 -1.7924223066747988
-2 -2.0 -1 -1 -1.1132148142399159
4 0.42462122440338135 9 12 0.0019947251517617747
6 0.034978593699634075 10 11 0.41316365608384337
-2 -2.0 -1 -1 -1.056371462186604
-2 -2.0 -1 -1 2.8282713119168137
27 0.26614584028720856 13 14 0.0017063878930436234
-2 -2.0 -1 -1 0.10998404933019233
-2 -2.0 -1 -1 -1.04887140235134
tree 15
24 0.9759001135826111 1 8 -9.659258156479041e-05
30 0.0011783287627622485 2 5 -0.0005462243277146592
26 0.6813346147537231 3 4 -0.006467423410157226
-2 -2.0 -1 -1 -0.24482392402077333
-2 -2.0 -1 -1 0.7163096060690354
28 0.7841874957084656 6 7 0.009868773937223704
-2 -2.0 -1 -1 0.19248259234618978
-2 -2.0 -1 -1 1.4146575611557393
17 0.73952317237854 9 12 0.13644158099927434
14 0.07121489942073822 10 11 0.023270932191028704
-2 -2.0 -1 -1 1.1407678824670762
-2 -2.0 -1 -1 -1.0839471810597319
3 0.8250000178813934 13 14 0.4476608652219497
-2 -2.0 -1 -1 2.503975146303001
-2 -2.0 -1 -1 1.4178096793869055
tree 15
24 0.20423386991024017 1 8 -8.842250477870774e-05
4 0.6348484754562378 2 5 -0.004135035556781307
26 0.8704212605953217 3 4 -0.02330193044583427
-2 -2.0 -1 -1 -0.626809843138463
-2 -2.0 -1 -1 4.568575301345432
7 0.6482326090335846 6 7 0.0002982132953881236
-2 -2.0 -1 -1 -0.3709755100402382
-2 -2.0 -1 -1 0.2044328338467502
26 0.41006843745708466 9 12 0.014696962047752145
30 0.22021450102329254 10 11 0.01931625660839359
-2 -2.0 -1 -1 0.5092834019318347
-2 -2.0 -1 -1 -15.548123830815763
19 -0.14587629586458206 13 14 -0.2641929470509756
-2 -2.0 -1 -1 -1.039024596941463
-2 -2.0 -1 -1 -1.8009028264646472
tree 15
32 0.03561670705676079 1 8 -7.278471216574075e-05
5 0.56161168217659 2 5 0.004115495417654153
8 0.0601455420255661 3 4 0.010815326521977617
-2 -2.0 -1 -1 -0.2533306638895551
-2 -2.0 -1 -1 0.41914169987047056
12 0.177272729575634 6 7 -0.015575194641493139
-2 -2.0 -1 -1 -0.3931706740001876
-2 -2.0 -1 -1 -1.1306532110989291
7 0.7851524353027344 9 12 -0.013541737232970332
0 297.0 10 11 -0.0036352642445543052
-2 -2.0 -1 -1 -0.5612906600154334
-2 -2.0 -1 -1 0.6956788527045398
19 -0.11837594583630562 13 14 -0.04370472961561016
-2 -2.0 -1 -1 -0.3897553438767676
-2 -2.0 -1 -1 -1.2383116368932177
tree 15
21 0.26266340911388397 1 8 -7.33593310467223e-05
23 0.830952376127243 2 5 0.0008137819510827609
0 80.5 3 4 -0.0003338389839246728
-2 -2.0 -1 -1 -0.3373363765465592
-2 -2.0 -1 -1 0.1822208307256022
0 26.0 6 7 0.07466069429069236
-2 -2.0 -1 -1 1.3251561317883371
-2 -2.0 -1 -1 0.026127795571939737
0 109.5 9 12 -0.06564909771009474
22 0.7427157163619995 10 11 -0.011105675517462985
-2 -2.0 -1 -1 -1.0121747321446335
-2 -2.0 -1 -1 -1.0596717646446583
19 -0.12889204919338226 13 14 -0.16233970977885098
-2 -2.0 -1 -1 -1.0794308070964957
-2 -2.0 -1 -1 -1.2930600719450605
tree 15
3 0.4092390686273575 1 8 -6.823589859998302e-05
13 0.2403409108519554 2 5 -0.012196324927072937
34 0.45199692249298096 3 4 -0.011075346257971214
-2 -2.0 -1 -1 -0.44030242725364804
-2 -2.0 -1 -1 0.6090185108918758
29 0.0031645570416003466 6 7 -0.1370325858043113
-2 -2.0 -1 -1 -1.5077415168982962
-2 -2.0 -1 -1 -1.1440073638500616
0 137.5 9 12 0.004427960273923259
22 0.47008273005485535 10 11 -0.0030569631454914676
-2 -2.0 -1 -1 -0.009511501124277824
-2 -2.0 -1 -1 -1.2142002799315663
32 0.5162545442581177 13 14 0.019587986655169903
-2 -2.0 -1 -1 0.2753323330956006
-2 -2.0 -1 -1 1.149237322462711
tree 15
18 -0.3425857871770859 1 8 -6.393983031677296e-05
11 0.23237434029579163 2 5 -0.020758258616793004
29 0.7097701132297516 3 4 -0.01779823208775251
-2 -2.0 -1 -1 -0.6315463618062207
-2 -2.0 -1 -1 1.393643150893555
6 0.05015373043715954 6 7 -0.2689071493013539
-2 -2.0 -1 -1 -2.7488115842689416
-2 -2.0 -1 -1 -1.2532897891131052
24 0.04193710535764694 9 12 0.0025298568360994657
18 -0.34010668098926544 10 11 -0.004528648348199133
-2 -2.0 -1 -1 2.1174391137600037
-2 -2.0 -1 -1 -0.14277685185887057
30 0.0497148297727108 13 14 0.016688664422664482
-2 -2.0 -1 -1 0.24937985337687008
-2 -2.0 -1 -1 1.1951027530456961
tree 11
7 0.5201227068901062 1 6 -5.255583638130639e-05
24 0.5903305411338806 2 5 -0.014076917027906746
25 0.3651515245437622 3 4 -0.013525507259572935
-2 -2.0 -1 -1 -0.49715329268502373
-2 -2.0 -1 -1 -1.4753235832387035
-2 -2.0 -1 -1 -2.23891793505201
7 0.5204004943370819 7 8 0.0037708497906037567
-2 -2.0 -1 -1 3.933885034147002
23 0.01950219739228487 9 10 0.003357348805852134
-2 -2.0 -1 -1 -0.08819709493089659
-2 -2.0 -1 -1 0.3724485403003718
tree 13
11 0.1434004157781601 1 8 -5.2951578564601245e-05
29 0.8217122554779053 2 5 0.0015891069759253053
14 0.11211215332150459 3 4 0.00040380033909277643
-2 -2.0 -1 -1 0.14506763422770563
-2 -2.0 -1 -1 -0.4868623707109405
7 0.8215071558952332 6 7 0.08885219903238918
-2 -2.0 -1 -1 0.34742983439577074
-2 -2.0 -1 -1 1.5709760629783243
3 0.13486012071371078 9 10 -0.02942001531340892
-2 -2.0 -1 -1 -3.063330026662657
20 0.020458846352994442 11 12 -0.02674724416085727
-2 -2.0 -1 -1 -0.7196920055815402
-2 -2.0 -1 -1 0.989636250418972
tree 15
13 0.0008741686178836972 1 8 -4.943147036841639e-05
21 0.2647765278816223 2 5 -0.009010100590817697
23 0.8487235307693481 3 4 -0.007615502908855031
-2 -2.0 -1 -1 -0.285826053557899
-2 -2.0 -1 -1 1.1961302880472786
7 0.6967225968837738 6 7 -0.12097637162839173
-2 -2.0 -1 -1 -1.0582748234985253
-2 -2.0 -1 -1 -1.2517494774999327
17 0.4832020550966263 9 12 0.005293167966797819
13 0.001745248562656343 10 11 -0.00928916474623628
-2 -2.0 -1 -1 1.2054301997191608
-2 -2.0 -1 -1 -0.9588592308947885
26 0.6813346147537231 13 14 0.016121193474954585
-2 -2.0 -1 -1 0.21659197062095842
-2 -2.0 -1 -1 1.194133515840326
tree 15
3 0.5919871628284454 1 8 -5.7286593795784644e-05
18 0.1912258043885231 2 5 -0.006532893188283799
29 0.9486181139945984 3 4 -0.012889211054085126
-2 -2.0 -1 -1 -0.39424349149189103
-2 -2.0 -1 -1 1.2947390022803777
7 0.8992442190647125 6 7 0.011223342589009078
-2 -2.0 -1 -1 0.48577521396263196
-2 -2.0 -1 -1 -1.0858205251667536
2 22.5 9 12 0.00738037532925747
19 0.1524464339017868 10 11 0.0018151857610086324
-2 -2.0 -1 -1 -0.05587205059630063
-2 -2.0 -1 -1 0.8198925539268861
31 0.0368586890399456 13 14 0.052401331964706324
-2 -2.0 -1 -1 0.7131705306682238
-2 -2.0 -1 -1 1.1617438052965425
tree 15
24 0.9759001135826111 1 8 -4.652059238332271e-05
8 0.05625542998313904 2 5 -0.000432093674093469
13 0.12369947507977486 3 4 -0.010933986232213552
-2 -2.0 -1 -1 -0.7034573285265382
-2 -2.0 -1 -1 1.2841699949754148
18 0.12284646928310394 6 7 0.00404757361815819
-2 -2.0 -1 -1 -0.08262081715604729
-2 -2.0 -1 -1 0.3985911241002385
17 0.73952317237854 9 12 0.1170391718869307
13 0.15243465453386307 10 11 0.01787162732788644
-2 -2.0 -1 -1 -1.0785457295943528
-2 -2.0 -1 -1 1.1131043577992665
24 0.989130437374115 13 14 0.3897499194243024
-2 -2.0 -1 -1 2.0862941165036064
-2 -2.0 -1 -1 1.3491974533481357
tree 13
32 0.03561670705676079 1 6 -5.181619779417135e-05
3 0.07547088339924812 2 3 0.003657565098075609
-2 -2.0 -1 -1 1.8097654444795415
5 0.48238135874271393 4 5 0.0034028092761361
-2 -2.0 -1 -1 0.2715544921879252
-2 -2.0 -1 -1 -0.2923520347687835
7 0.7851524353027344 7 10 -0.011980693686172569
0 297.0 8 9 -0.0030708735945841324
-2 -2.0 -1 -1 -0.506304081715837
-2 -2.0 -1 -1 0.6120160959723105
19 -0.11124740540981293 11 12 -0.03910910112921792
-2 -2.0 -1 -1 -0.4332905565814844
-2 -2.0 -1 -1 -1.1607855458899141
tree 11
11 0.5044594258069992 1 8 -5.173425079537734e-05
15 0.009858452714979649 2 5 8.586499820419766e-05
13 0.09746856242418289 3 4 0.015682958267419205
-2 -2.0 -1 -1 0.3399432346826
-2 -2.0 -1 -1 1.578031070222958
22 0.047982022166252136 6 7 -0.002637309681609897
-2 -2.0 -1 -1 0.012956395230545703
-2 -2.0 -1 -1 -0.6006511080633457
6 0.041784441098570824 9 10 -0.31432841896579883
-2 -2.0 -1 -1 -2.0417679184652875
-2 -2.0 -1 -1 -1.1343378986112311
tree 15
7 0.5709679126739502 1 8 -5.0275497588280626e-05
25 0.329861119389534 2 5 -0.009967991977390758
25 0.32301849126815796 3 4 -0.006844822091516125
-2 -2.0 -1 -1 -0.3409605626360654
-2 -2.0 -1 -1 2.1687609925321305
24 0.17210526019334793 6 7 -0.06752355130279439
-2 -2.0 -1 -1 -1.1325858736317678
-2 -2.0 -1 -1 -1.6767270078487506
23 0.01950219739228487 9 12 0.004151623073293772
5 0.06972449645400047 10 11 -0.002016228499014704
-2 -2.0 -1 -1 1.1410265673413278
-2 -2.0 -1 -1 -0.11316732562385252
10 0.13260073959827423 13 14 0.020925606433905602
-2 -2.0 -1 -1 0.3351248649606151
-2 -2.0 -1 -1 1.306227570183048
tree 13
3 0.3648899346590042 1 6 -4.357493262587963e-05
3 0.36474287509918213 2 5 -0.012558010899452864
8 0.26034240424633026 3 4 -0.011976302083459706
-2 -2.0 -1 -1 -0.4490194254551981
-2 -2.0 -1 -1 1.419265540827751
-2 -2.0 -1 -1 -2.324689669373467
0 136.5 7 10 0.003279976463715031
22 0.384099617600441 8 9 -0.0028732746082715675
-2 -2.0 -1 -1 -0.019921714263289512
-2 -2.0 -1 -1 -1.1567876503977634
7 0.9065187275409698 11 12 0.014973624685659041
-2 -2.0 -1 -1 0.4601706728610195
-2 -2.0 -1 -1 -1.0978227264977989
tree 15
34 0.7784520089626312 1 8 -4.586257368196578e-05
34 0.06486675888299942 2 5 -0.0014021419008058505
23 0.02139098569750786 3 4 0.001408087743132314
-2 -2.0 -1 -1 -0.15800754743674006
-2 -2.0 -1 -1 0.5356332758711551
6 0.06992053613066673 6 7 -0.023384382671166583
-2 -2.0 -1 -1 -1.6380442726978848
-2 -2.0 -1 -1 -0.1857538841782056
20 0.0010256679961457849 9 12 0.029130845906859836
0 23.5 10 11 0.07761893666510816
-2 -2.0 -1 -1 1.8359887301482687
-2 -2.0 -1 -1 1.0260601033704089
6 0.13826319575309753 13 14 -0.017026086641857337
-2 -2.0 -1 -1 -0.19163352603154707
-2 -2.0 -1 -1 -1.077151937287032
tree 13
11 0.1434004157781601 1 8 -3.764456720819635e-05
29 0.8217122554779053 2 5 0.001433580343043545
23 0.9690045118331909 3 4 0.00035540216344566406
-2 -2.0 -1 -1 0.02190895682891252
-2 -2.0 -1 -1 -1.1881193317046657
7 0.8215071558952332 6 7 0.08080980149619775
-2 -2.0 -1 -1 0.4253390424665833
-2 -2.0 -1 -1 1.4944501148207578
3 0.13486012071371078 9 10 -0.026349468581958146
-2 -2.0 -1 -1 -2.6664691610543514
29 0.07373428344726562 11 12 -0.023865556734928794
-2 -2.0 -1 -1 -0.12782052261174268
-2 -2.0 -1 -1 -1.399356855712442
tree 15
4 0.4232323318719864 1 8 -3.613419606297453e-05
7 0.7819706797599792 2 5 -0.023827517808691374
7 0.6954801082611084 3 4 -0.017132024285654218
-2 -2.0 -1 -1 -0.5680743186338905
-2 -2.0 -1 -1 -1.0484453908273887
19 -0.025643939152359962 6 7 -0.0977569254588934
-2 -2.0 -1 -1 -1.078011035979069
-2 -2.0 -1 -1 -1.6447253209044879
4 0.42462122440338135 9 12 0.0015699648144601734
24 0.5786101818084717 10 11 0.37843552245058065
-2 -2.0 -1 -1 2.427750958241125
-2 -2.0 -1 -1 -1.0426286056843999
18 -0.4948311299085617 13 14 0.0013056832172398877
-2 -2.0 -1 -1 -1.833691339110072
-2 -2.0 -1 -1 0.040228371375963
tree 15
24 0.9759001135826111 1 8 -3.750273290057501e-05
8 0.05625542998313904 2 5 -0.00038366917319078924
3 0.07547088339924812 3 4 -0.009903947765142244
-2 -2.0 -1 -1 1.7207397708689978
-2 -2.0 -1 -1 -0.4965539152640501
18 0.12284646928310394 6 7 0.0036772827348072984
-2 -2.0 -1 -1 -0.07636266974496078
-2 -2.0 -1 -1 0.38125822655277125
19 0.11952318623661995 9 12 0.10508170630189229
7 0.7167763710021973 10 11 0.016022396119700986
-2 -2.0 -1 -1 1.100635601200667
-2 -2.0 -1 -1 -1.0717368035964858
2 8.0 13 14 0.3499948093029183
-2 -2.0 -1 -1 1.3034335445574405
-2 -2.0 -1 -1 1.876855940452146
tree 15
31 0.07679487392306328 1 8 -3.637974783647452e-05
31 0.016465443186461926 2 5 0.0025960943067608157
3 0.07547088339924812 3 4 -0.0015173946494501074
-2 -2.0 -1 -1 1.6068029851683292
-2 -2.0 -1 -1 -0.05287062953339638
15 0.028416432440280914 6 7 0.02245925991803993
-2 -2.0 -1 -1 0.8885629937213366
-2 -2.0 -1 -1 0.20973064274381678
0 689.5 9 12 -0.014043471985783615
24 0.23273739963769913 10 11 -0.009406551808714305
-2 -2.0 -1 -1 -0.5087320248704211
-2 -2.0 -1 -1 1.6967634158869163
29 0.0020471204770728946 13 14 -0.09321888400924219
-2 -2.0 -1 -1 -1.7529308654579607
-2 -2.0 -1 -1 -0.6449093063289342
tree 15
7 0.5709679126739502 1 8 -3.109926404997071e-05
25 0.329861119389534 2 5 -0.009224838884881811
25 0.32301849126815796 3 4 -0.006340099829955225
-2 -2.0 -1 -1 -0.32417479096536095
-2 -2.0 -1 -1 1.8574411859845006
24 0.46190477907657623 6 7 -0.062386458611386066
-2 -2.0 -1 -1 -1.198524224380928
-2 -2.0 -1 -1 -3.2293305591197905
5 0.07498693838715553 9 12 0.003864067678109336
24 0.049242425709962845 10 11 0.05470181073601615
-2 -2.0 -1 -1 -1.154107405289327
-2 -2.0 -1 -1 1.1639000485858597
8 0.0817972756922245 13 14 0.002178748226881659
-2 -2.0 -1 -1 -0.320439878964797
-2 -2.0 -1 -1 0.24742828580740858
tree 15
3 0.472298264503479 1 8 -2.699996561314824e-05
29 0.9985294044017792 2 5 -0.008029516772356313
18 0.1912258043885231 3 4 -0.008720313259977209
-2 -2.0 -1 -1 -0.4528642513166332
-2 -2.0 -1 -1 0.22241291481080178
4 0.7395833432674408 6 7 0.18193951732338928
-2 -2.0 -1 -1 1.8301200124912471
-2 -2.0 -1 -1 0.932607793849872
17 0.6256689429283142 9 12 0.004520758384409715
12 0.22539682686328888 10 11 -0.0028487856281989438
-2 -2.0 -1 -1 -0.06538690644740461
-2 -2.0 -1 -1 -1.2742213605267172
13 0.09508928656578064 13 14 0.019041990368479554
-2 -2.0 -1 -1 0.23660274923758884
-2 -2.0 -1 -1 1.4828114644166377
tree 15
14 0.1778116524219513 1 8 -2.0786928815762533e-05
14 0.1776377186179161 2 5 0.0017714165999277098
13 0.18845224380493164 3 4 0.00146257226521797
-2 -2.0 -1 -1 0.006113776099108508
-2 -2.0 -1 -1 0.9726970927147526
25 0.03246753290295601 6 7 0.43199157485059714
-2 -2.0 -1 -1 2.867777375559777
-2 -2.0 -1 -1 -1.006665201469164
19 -0.08921565860509872 9 12 -0.01933778475666445
19 -0.10093528404831886 10 11 -0.006039846179782806
-2 -2.0 -1 -1 -1.0322908266716797
-2 -2.0 -1 -1 0.7259019455975757
16 0.00048449612222611904 13 14 -0.06273874912297048
-2 -2.0 -1 -1 -1.1317280587378817
-2 -2.0 -1 -1 1.6413371254789562
tree 13
14 0.047043632715940475 1 8 -2.5318405293453526e-05
9 0.016857070848345757 2 5 0.007754168941527763
9 0.016519904136657715 3 4 -0.007938418660342624
-2 -2.0 -1 -1 -0.25850881917046475
-2 -2.0 -1 -1 -1.6585918399583341
13 0.07897727191448212 6 7 0.016432980300684224
-2 -2.0 -1 -1 0.4076367677282312
-2 -2.0 -1 -1 1.1967633560244482
3 0.07547088339924812 9 10 -0.004437963148654993
-2 -2.0 -1 -1 1.5579352431194893
29 0.8217122554779053 11 12 -0.0046868051256144395
-2 -2.0 -1 -1 -0.18383307138854038
-2 -2.0 -1 -1 0.7997877988384166
tree 11
11 0.5044594258069992 1 8 -2.064367208428418e-05
21 0.13846153765916824 2 5 0.00010040944593707301
23 0.830952376127243 3 4 0.0010011406628348196
-2 -2.0 -1 -1 0.0014054259967057
-2 -2.0 -1 -1 0.6013012812561461
23 0.8267448246479034 6 7 -0.03606678905598408
-2 -2.0 -1 -1 -1.0853242116287156
-2 -2.0 -1 -1 -1.188208811252448
17 0.7191637754440308 9 10 -0.2765059652328184
-2 -2.0 -1 -1 -1.112791360555961
-2 -2.0 -1 -1 -1.8236626986474818
tree 13
5 0.5789670944213867 1 8 -2.1485780128948107e-05
13 0.12369947507977486 2 5 0.0025281469208976947
0 80.5 3 4 6.902622229558428e-05
-2 -2.0 -1 -1 -0.4250521930372065
-2 -2.0 -1 -1 0.22127261269482235
13 0.12390274927020073 6 7 0.03511611858470382
-2 -2.0 -1 -1 6.203891897447715
-2 -2.0 -1 -1 0.641073833579987
18 -0.49164609611034393 9 10 -0.012429261864329213
-2 -2.0 -1 -1 -1.724134017856028
18 0.35556410253047943 11 12 -0.01190539371299314
-2 -2.0 -1 -1 -0.32653871213066604
-2 -2.0 -1 -1 -1.009513528067388
tree 15
3 0.48744748532772064 1 8 -3.1796977372240614e-05
29 0.9985294044017792 2 5 -0.007261293072168716
30 0.013490763492882252 3 4 -0.007819838393012991
-2 -2.0 -1 -1 -0.4367902136860883
-2 -2.0 -1 -1 0.2486304111659863
0 54.5 6 7 0.1583473945581558
-2 -2.0 -1 -1 1.6653630301240199
-2 -2.0 -1 -1 0.8799727716859649
19 -0.14261658489704132 9 12 0.004601829783565522
31 0.9651468992233276 10 11 -0.007976528906636833
-2 -2.0 -1 -1 -1.0227986455874007
-2 -2.0 -1 -1 1.09324574450962
8 0.029930539429187775 13 14 0.011949938074144498
-2 -2.0 -1 -1 -0.6741002644476164
-2 -2.0 -1 -1 0.35923207032878623
tree 15
32 0.03561670705676079 1 8 -4.0447531527775665e-05
5 0.48238135874271393 2 5 0.0029744877781130463
14 0.11584138497710228 3 4 0.009146531474537471
-2 -2.0 -1 -1 0.41509314266889585
-2 -2.0 -1 -1 -0.36059944031085384
23 0.6427264511585236 6 7 -0.007140935842446281
-2 -2.0 -1 -1 -0.47276498497071756
-2 -2.0 -1 -1 0.395580462993127
7 0.7851524353027344 9 12 -0.00973607897932105
0 297.0 10 11 -0.0023994599744675076
-2 -2.0 -1 -1 -0.4870039593597921
-2 -2.0 -1 -1 0.5829188464396006
19 -0.11837594583630562 13 14 -0.032074441322457174
-2 -2.0 -1 -1 -0.35125441326291496
-2 -2.0 -1 -1 -1.059687907547051
tree 13
3 0.3648899346590042 1 6 -4.089691096983822e-05
3 0.36474287509918213 2 5 -0.010459829540173979
8 0.26034240424633026 3 4 -0.009932039273021404
-2 -2.0 -1 -1 -0.4150349635562594
-2 -2.0 -1 -1 1.1816348710199656
-2 -2.0 -1 -1 -2.0664696728188154
0 216.5 7 10 0.0027261361522832126
22 0.10468636080622673 8 9 -0.0012222929824360642
-2 -2.0 -1 -1 0.05461511836369875
-2 -2.0 -1 -1 -0.7044044584259483
32 0.5095054507255554 11 12 0.015771482471045834
-2 -2.0 -1 -1 0.26646721493823294
-2 -2.0 -1 -1 1.1198525313400944
tree 15
18 -0.41097357869148254 1 8 -3.5859281465240536e-05
5 0.047938164323568344 2 5 -0.02188206859209578
28 0.014395604375749826 3 4 -0.31802412089080256
-2 -2.0 -1 -1 -1.2989031909987365
-2 -2.0 -1 -1 -1.6832992297709393
24 0.09247289597988129 6 7 -0.019595257377433978
-2 -2.0 -1 -1 -0.28507700645657524
-2 -2.0 -1 -1 -1.162083487848925
18 -0.4098864942789078 9 12 0.0012873852370018318
0 50.5 10 11 0.2447370713925102
-2 -2.0 -1 -1 2.467167586551065
-2 -2.0 -1 -1 0.6801897913887572
24 0.04193710535764694 13 14 0.001004567293047943
-2 -2.0 -1 -1 -0.12313143482089532
-2 -2.0 -1 -1 0.26224762161277554
tree 11
11 0.5044594258069992 1 8 -3.418089684739112e-05
17 0.7724464237689972 2 5 7.644108990578053e-05
17 0.7711141705513 3 4 -0.0015956441762456442
-2 -2.0 -1 -1 -0.04315492822905159
-2 -2.0 -1 -1 -1.6115135215407048
18 -0.27657827734947205 6 7 0.018399344032601822
-2 -2.0 -1 -1 2.176732644163555
-2 -2.0 -1 -1 0.2508269250998368
0 25.5 9 10 -0.2526947986410718
-2 -2.0 -1 -1 -1.089577514419112
-2 -2.0 -1 -1 -1.7336326349141704
tree 15
13 0.0008741686178836972 1 8 -3.063327637788102e-05
7 0.7987249791622162 2 5 -0.006859290217465575
7 0.7944623231887817 3 4 -0.010098248452479435
-2 -2.0 -1 -1 -0.3604866766218621
-2 -2.0 -1 -1 -1.8602999707010042
20 0.006041207117959857 6 7 0.020962997093411935
-2 -2.0 -1 -1 -0.08719866872820885
-2 -2.0 -1 -1 1.1865917814095661
17 0.4832020550966263 9 12 0.004040801372045663
13 0.001745248562656343 10 11 -0.006931179643705687
-2 -2.0 -1 -1 0.9421435979711474
-2 -2.0 -1 -1 -0.9530141682198686
17 0.4834577292203903 13 14 0.01218798143243315
-2 -2.0 -1 -1 1.8599622868745547
-2 -2.0 -1 -1 0.22862058691713927
tree 13
30 0.0031796583207324147 1 8 -3.423329364838571e-05
13 0.03139524720609188 2 5 -0.003589158364805083
29 0.08227236196398735 3 4 -0.007924537025124438
-2 -2.0 -1 -1 -0.40340994295853505
-2 -2.0 -1 -1 0.8028225467473602
20 0.00046496807772200555 6 7 0.007604275737273862
-2 -2.0 -1 -1 0.7382455737902109
-2 -2.0 -1 -1 -0.3819822929980914
28 0.9790730476379395 9 12 0.007343551981888127
25 0.006362674990668893 10 11 0.006712790218766066
-2 -2.0 -1 -1 -0.18760219837070077
-2 -2.0 -1 -1 0.5108986482876738
-2 -2.0 -1 -1 1.906100823386789
tree 15
3 0.5919871628284454 1 8 -2.8893032792437588e-05
34 0.5732790529727936 2 5 -0.004818857109503165
24 0.18916287273168564 3 4 -0.007144607578690015
-2 -2.0 -1 -1 -0.42253556868360087
-2 -2.0 -1 -1 0.23518293825515804
26 0.1725708544254303 6 7 0.028816205055635855
-2 -2.0 -1 -1 0.5242861418788574
-2 -2.0 -1 -1 1.3742281389460222
2 22.5 9 12 0.005472697112672654
8 0.14438538253307343 10 11 0.0014516059830743664
-2 -2.0 -1 -1 -0.11342690563022541
-2 -2.0 -1 -1 0.6956165335831086
28 0.9558359682559967 13 14 0.03800229330211535
-2 -2.0 -1 -1 0.9862557719389721
-2 -2.0 -1 -1 -1.439109048181481
tree 13
15 0.009858452714979649 1 6 -1.882606768188321e-05
15 0.009843223728239536 2 5 0.012000741562533154
13 0.09746856242418289 3 4 0.010770111110226405
-2 -2.0 -1 -1 0.28555736717145724
-2 -2.0 -1 -1 1.1501288964728127
-2 -2.0 -1 -1 1.751879440028243
22 0.047982022166252136 7 10 -0.0021199330056114857
23 0.37235476076602936 8 9 0.0001549242199049764
-2 -2.0 -1 -1 -0.1137896207665566
-2 -2.0 -1 -1 0.9515379120781432
2 4.5 11 12 -0.018957807113267916
-2 -2.0 -1 -1 1.2257819783244248
-2 -2.0 -1 -1 -0.6803305899860758
tree 13
11 0.1434004157781601 1 8 -1.1999836289126048e-05
29 0.8217122554779053 2 5 0.0011542001745366486
14 0.07804099470376968 3 4 0.00024653570570179185
-2 -2.0 -1 -1 0.18574687619270247
-2 -2.0 -1 -1 -0.26533355244136325
29 0.8371211886405945 6 7 0.06797708434565458
-2 -2.0 -1 -1 1.7569795208532657
-2 -2.0 -1 -1 0.8481585324322487
3 0.13486012071371078 9 10 -0.020868667798495416
-2 -2.0 -1 -1 -2.024441778725644
29 0.07373428344726562 11 12 -0.018855522556204242
-2 -2.0 -1 -1 -0.089687170083973
-2 -2.0 -1 -1 -1.3381775781435497
tree 15
4 0.4232323318719864 1 8 -1.4230032097654857e-05
7 0.7819706797599792 2 5 -0.019036498648500603
7 0.6864348351955414 3 4 -0.013487715131087243
-2 -2.0 -1 -1 -0.5156933108558178
-2 -2.0 -1 -1 -1.0212711282493223
17 0.5943560600280762 6 7 -0.08030431665327294
-2 -2.0 -1 -1 -1.062847304726292
-2 -2.0 -1 -1 -1.4821957262611747
4 0.42462122440338135 9 12 0.00126991751056538
8 0.020675767213106155 10 11 0.33877909122784705
-2 -2.0 -1 -1 -1.0313614213350535
-2 -2.0 -1 -1 2.0980746319176693
27 0.26689498126506805 13 14 0.0010332350605532557
-2 -2.0 -1 -1 0.09616408735962201
-2 -2.0 -1 -1 -1.0315707396456373
tree 13
7 0.5201227068901062 1 8 -2.192468285203685e-05
25 0.3651515245437622 2 5 -0.009388800767619465
25 0.3048611134290695 3 4 -0.007049592432490749
-2 -2.0 -1 -1 -0.5158335809149907
-2 -2.0 -1 -1 1.7125308800800323
24 0.46190477907657623 6 7 -0.07861474743533459
-2 -2.0 -1 -1 -1.189744263307107
-2 -2.0 -1 -1 -2.707998169461644
7 0.5204004943370819 9 10 0.0025317293653204322
-2 -2.0 -1 -1 2.4933827033746874
5 0.07498693838715553 11 12 0.002199376791753602
-2 -2.0 -1 -1 0.9108415982256006
-2 -2.0 -1 -1 0.03055572686735009
tree 15
1 34.5 1 8 -2.0278254526212974e-05
0 217.5 2 5 0.0016795687383923804
13 0.029942644760012627 3 4 -0.0021778226713815097
-2 -2.0 -1 -1 -0.25808969599422826
-2 -2.0 -1 -1 0.25596587040291524
4 0.5729483366012573 6 7 0.018936593026532916
-2 -2.0 -1 -1 -0.7841161847479072
-2 -2.0 -1 -1 0.7581164682403592
10 0.11835632100701332 9 12 -0.013764369149556017
31 0.43095944821834564 10 11 -0.015087447198215928
-2 -2.0 -1 -1 -0.39967155916105074
-2 -2.0 -1 -1 -1.3290125541842097
14 0.06972789391875267 13 14 0.20674863896042853
-2 -2.0 -1 -1 -1.0420617792193372
-2 -2.0 -1 -1 1.49321696622607
tree 13
24 0.9759001135826111 1 8 -1.5813320597593052e-05
8 0.060155684128403664 2 5 -0.00028981011776782944
23 0.9504504501819611 3 4 -0.007516660489264548
-2 -2.0 -1 -1 -0.3981023323111464
-2 -2.0 -1 -1 -1.5404214095805202
8 0.06093339994549751 6 7 0.003023942598205053
-2 -2.0 -1 -1 1.4298569259249352
-2 -2.0 -1 -1 0.07114607452572871
19 0.15563920140266418 9 12 0.08318788075342698
13 0.15243465453386307 10 11 0.028276594632145515
-2 -2.0 -1 -1 -1.057712722313335
-2 -2.0 -1 -1 1.1198322999635584
-2 -2.0 -1 -1 1.7860690773067394
tree 13
32 0.03561670705676079 1 6 -1.5146732229203047e-05
3 0.07547088339924812 2 3 0.0026086546683661196
-2 -2.0 -1 -1 1.44205650249342
8 0.060641536489129066 4 5 0.002434178640105289
-2 -2.0 -1 -1 -0.3407732562309817
-2 -2.0 -1 -1 0.21442430854387473
27 0.2372448965907097 7 10 -0.008452943487280247
32 0.5165550708770752 8 9 -0.010262083091634339
-2 -2.0 -1 -1 -0.6749616787701306
-2 -2.0 -1 -1 0.18057098280048262
19 0.05305255623534322 11 12 0.07145072237169209
-2 -2.0 -1 -1 0.6766396130224792
-2 -2.0 -1 -1 2.7617479193466914
tree 11
11 0.5044594258069992 1 8 -1.9235516289271502e-05
17 0.7724464237689972 2 5 7.918484708981356e-05
19 0.15111416578292847 3 4 -0.0013987885305185915
-2 -2.0 -1 -1 -0.042399579127728335
-2 -2.0 -1 -1 -1.4433279435934243
17 0.7725079953670502 6 7 0.016274987356694
-2 -2.0 -1 -1 3.5007575162486866
-2 -2.0 -1 -1 0.32735345409465394
3 0.7857142984867096 9 10 -0.2248113454741117
-2 -2.0 -1 -1 -1.5957405647035956
-2 -2.0 -1 -1 -1.0825919980586771
tree 15
7 0.6480519473552704 1 8 -2.0477394280384065e-05
9 0.35255755484104156 2 5 -0.0049444002398955494
9 0.35108695924282074 3 4 -0.011027638448265712
-2 -2.0 -1 -1 -0.5596515586187687
-2 -2.0 -1 -1 -5.714930617788436
24 0.03229166753590107 6 7 0.01131981302553861
-2 -2.0 -1 -1 -0.5916323089444878
-2 -2.0 -1 -1 0.7688607826532511
7 0.648540735244751 9 12 0.004225252329159587
28 0.05558968149125576 10 11 0.24617846093988435
-2 -2.0 -1 -1 1.0690551903917234
-2 -2.0 -1 -1 4.029314379650082
26 0.711482048034668 13 14 0.003433909046704234
-2 -2.0 -1 -1 0.05733777886784696
-2 -2.0 -1 -1 0.8306621910001153
tree 15
18 -0.3425857871770859 1 8 -1.8652122560726447e-05
11 0.15953585505485535 2 5 -0.012664853177702575
23 0.8465007245540619 3 4 -0.00928047867334449
-2 -2.0 -1 -1 -0.5100791855698281
-2 -2.0 -1 -1 1.2196458779567467
23 0.09259258955717087 6 7 -0.11694589259323611
-2 -2.0 -1 -1 -1.2573603065421335
-2 -2.0 -1 -1 -1.862624359653286
24 0.0011081309639848769 9 12 0.0015664048429815582
18 -0.34010668098926544 10 11 -0.0038521102353202856
-2 -2.0 -1 -1 1.5511871196227882
-2 -2.0 -1 -1 -0.1967102316869609
30 0.012803250458091497 13 14 0.008074496666025935
-2 -2.0 -1 -1 0.05956889097526681
-2 -2.0 -1 -1 0.7362824276779396
tree 13
34 0.7784520089626312 1 6 -1.395495519162358e-05
12 0.52130326628685 2 5 -0.000987236932456292
13 0.330263152718544 3 4 -0.0008553344801600695
-2 -2.0 -1 -1 -0.015200280645900623
-2 -2.0 -1 -1 -1.2213545541812743
-2 -2.0 -1 -1 -1.406201453448107
20 0.0010256679961457849 7 10 0.020923593787246
13 0.3847495913505554 8 9 0.05534822208012275
-2 -2.0 -1 -1 0.9644283746685689
-2 -2.0 -1 -1 1.5308463835580293
6 0.13826319575309753 11 12 -0.011846004299242449
-2 -2.0 -1 -1 -0.16295426344926867
-2 -2.0 -1 -1 -1.0560768794107105
tree 15
3 0.47187672555446625 1 8 -1.1847267465218593e-05
29 0.9985294044017792 2 5 -0.0059622506446686055
18 0.1912258043885231 3 4 -0.006508277738919406
-2 -2.0 -1 -1 -0.4266588275147557
-2 -2.0 -1 -1 0.22548159744534432
7 0.976209968328476 6 7 0.143285155117211
-2 -2.0 -1 -1 0.837409601030694
-2 -2.0 -1 -1 1.5744526634296057
19 -0.14261658489704132 9 12 0.003337798409305214
31 0.9651468992233276 10 11 -0.006082969114203827
-2 -2.0 -1 -1 -1.0215884910737532
-2 -2.0 -1 -1 1.079590734899458
21 0.2570924386382103 13 14 0.008742824340446598
-2 -2.0 -1 -1 0.2467339161513498
-2 -2.0 -1 -1 -1.1481536706496303
tree 11
11 0.5044594258069992 1 8 -1.999841000862673e-05
3 0.3308898061513901 2 5 7.42314690210541e-05
10 0.1365668997168541 3 4 -0.009697286199674717
-2 -2.0 -1 -1 -0.5746949813190612
-2 -2.0 -1 -1 0.9504616476427157
0 83.5 6 7 0.0019570983200647893
-2 -2.0 -1 -1 -0.14040650437674054
-2 -2.0 -1 -1 0.21965668854365827
10 0.09523809887468815 9 10 -0.21524104211379427
-2 -2.0 -1 -1 -1.5646621301952532
-2 -2.0 -1 -1 -1.0748038772472992
tree 13
7 0.5201227068901062 1 8 -2.004693265619332e-05
25 0.3651515245437622 2 5 -0.008260635578203298
25 0.3048611134290695 3 4 -0.006177474171933816
-2 -2.0 -1 -1 -0.4979683433685957
-2 -2.0 -1 -1 1.4963223495372486
24 0.46190477907657623 6 7 -0.0699091934449907
-2 -2.0 -1 -1 -1.1782382471767756
-2 -2.0 -1 -1 -2.248739651449995
7 0.5204004943370819 9 10 0.0022265518654475723
-2 -2.0 -1 -1 2.2457290019569194
23 0.04051804728806019 11 12 0.0019186757187392475
-2 -2.0 -1 -1 -0.05849499837565919
-2 -2.0 -1 -1 0.3327277529646178
tree 13
24 0.9759001135826111 1 8 -1.93802917056896e-05
28 0.005970162572339177 2 5 -0.0002660677970634982
12 0.2550945430994034 3 4 -0.0041030699705784605
-2 -2.0 -1 -1 -0.20607960906013317
-2 -2.0 -1 -1 0.732722811957307
33 0.12953755259513855 6 7 0.004957347292439005
-2 -2.0 -1 -1 0.10667443115354716
-2 -2.0 -1 -1 1.0576653229346222
26 0.02039337530732155 9 12 0.07489139216861339
9 0.15817245934158564 10 11 0.0258859091112402
-2 -2.0 -1 -1 -1.0513720285499653
-2 -2.0 -1 -1 1.1100655789667753
-2 -2.0 -1 -1 1.6486062729859103
tree 15
14 0.047043632715940475 1 8 -1.6162954435109754e-05
18 -0.49164609611034393 2 5 0.005591931720383879
23 0.009999999776482582 3 4 -0.17348163618121393
-2 -2.0 -1 -1 -1.006857836674954
-2 -2.0 -1 -1 -1.521084170144085
8 0.02073338720947504 6 7 0.00602604946075138
-2 -2.0 -1 -1 -1.0764506906969076
-2 -2.0 -1 -1 0.3407259471095838
29 0.8217122554779053 9 12 -0.003197160414020364
3 0.07547088339924812 10 11 -0.004333220810013682
-2 -2.0 -1 -1 1.3592804032118457
-2 -2.0 -1 -1 -0.16763641887523073
29 0.8371211886405945 13 14 0.044383722053464435
-2 -2.0 -1 -1 1.7145021835298908
-2 -2.0 -1 -1 0.48437976397344107
tree 15
3 0.5919871628284454 1 8 -1.6582097023781118e-05
34 0.5732790529727936 2 5 -0.0038664312399254155
12 0.52130326628685 3 4 -0.005725808625390444
-2 -2.0 -1 -1 -0.21539284711351983
-2 -2.0 -1 -1 -1.3507878722599027
26 0.1725708544254303 6 7 0.02302393158151501
-2 -2.0 -1 -1 0.486256712658678
-2 -2.0 -1 -1 1.2976061919478339
2 22.5 9 12 0.004405223947221011
8 0.14438538253307343 10 11 0.0011167451875031056
-2 -2.0 -1 -1 -0.10065136942876132
-2 -2.0 -1 -1 0.6062508922997387
28 0.9558359682559967 13 14 0.031008173913656973
-2 -2.0 -1 -1 0.965416994416583
-2 -2.0 -1 -1 -1.3473394753702341
tree 15
21 0.13846153765916824 1 8 -7.709124485949235e-06
23 0.830952376127243 2 5 0.000641111484028927
0 83.5 3 4 -7.922835611156533e-05
-2 -2.0 -1 -1 -0.25385121163359453
-2 -2.0 -1 -1 0.14982848961626585
7 0.9274951815605164 6 7 0.048587367813379745
-2 -2.0 -1 -1 0.8697061613984571
-2 -2.0 -1 -1 -1.2866806939251056
23 0.8267448246479034 9 12 -0.026071592848520637
0 121.5 10 11 -0.01220491744556244
-2 -2.0 -1 -1 -1.0228820503818299
-2 -2.0 -1 -1 -1.1143999498554855
17 0.49135416746139526 13 14 -0.08916496593198034
-2 -2.0 -1 -1 -1.027253403326333
-2 -2.0 -1 -1 -1.1416851425894887
tree 15
31 0.07679487392306328 1 8 -9.178224027641377e-06
31 0.016597796231508255 2 5 0.0017680604653109039
32 0.04791853949427605 3 4 -0.001136149033162936
-2 -2.0 -1 -1 0.016193074437558005
-2 -2.0 -1 -1 -1.254252905936738
18 -0.4862591475248337 6 7 0.0159210936242857
-2 -2.0 -1 -1 -1.2854755270192717
-2 -2.0 -1 -1 0.5065440865881399
0 689.5 9 12 -0.009465661263979757
24 0.23273739963769913 10 11 -0.006179425391630689
-2 -2.0 -1 -1 -0.4813669721757745
-2 -2.0 -1 -1 1.3520580860727816
8 0.20466408878564835 13 14 -0.06557813878433996
-2 -2.0 -1 -1 -0.6558261895371936
-2 -2.0 -1 -1 -1.7176896710377432
tree 13
24 0.9759001135826111 1 8 -1.3739147887481158e-05
13 0.0008624767942819744 2 5 -0.0002469712996525016
6 0.24696176499128342 3 4 -0.0056479146945342725
-2 -2.0 -1 -1 -0.15859601378617
-2 -2.0 -1 -1 -1.0077392510483318
17 0.4832020550966263 6 7 0.002959956951262245
-2 -2.0 -1 -1 -0.7632811220344745
-2 -2.0 -1 -1 0.21054822269204387
19 0.15563920140266418 9 12 0.07081109093809265
7 0.7167763710021973 10 11 0.02531813095053107
-2 -2.0 -1 -1 1.1038645857070917
-2 -2.0 -1 -1 -1.0441297032083359
-2 -2.0 -1 -1 1.5785701670621615
tree 13
13 0.4035008102655411 1 6 -1.853915376431421e-05
13 0.39523810148239136 2 5 0.0002556033923825418
4 2.0478603839874268 3 4 0.00011750429885620456
-2 -2.0 -1 -1 0.058280872126147285
-2 -2.0 -1 -1 -0.588580088081036
-2 -2.0 -1 -1 1.4583487050879322
8 0.15397004783153534 7 10 -0.062385968402174155
20 0.002340690465644002 8 9 -0.042228316536923535
-2 -2.0 -1 -1 -1.027632536119604
-2 -2.0 -1 -1 -1.0647559259976325
23 0.028957296861335635 11 12 -0.17661266230526096
-2 -2.0 -1 -1 -1.2827420354685055
-2 -2.0 -1 -1 -1.0993111040617674
tree 15
15 0.009858452714979649 1 8 -1.8723218772257268e-05
13 0.09746856242418289 2 5 0.00941091302155646
15 0.009843223728239536 3 4 0.006070377763965307
-2 -2.0 -1 -1 0.2327077858294541
-2 -2.0 -1 -1 1.6009776557234956
14 0.09203255549073219 6 7 0.1396917880676114
-2 -2.0 -1 -1 0.058771312258368326
-2 -2.0 -1 -1 2.5626582402158715
22 0.047982022166252136 9 12 -0.0016670915075700675
23 0.2958274781703949 10 11 0.00021315661949716073
-2 -2.0 -1 -1 -0.10515583076523968
-2 -2.0 -1 -1 0.8368046581049756
2 4.5 13 14 -0.015584176456726457
-2 -2.0 -1 -1 1.1312861347680037
-2 -2.0 -1 -1 -0.6587233897734691
tree 13
17 0.7724464237689972 1 8 -1.3893822212579097e-05
4 0.6324561238288879 2 5 -0.0012059817249739327
23 0.9905660450458527 3 4 -0.01093872520730142
-2 -2.0 -1 -1 -0.43081901429918806
-2 -2.0 -1 -1 -1.3814197551424205
5 0.07639112696051598 6 7 0.0010751300286965827
-2 -2.0 -1 -1 0.8921720561085097
-2 -2.0 -1 -1 -0.0013894302022203885
17 0.7725079953670502 9 10 0.013018148080820609
-2 -2.0 -1 -1 2.741409353577833
18 -0.27657827734947205 11 12 0.009751974981896703
-2 -2.0 -1 -1 1.740748761919859
-2 -2.0 -1 -1 0.09157039651741622
tree 15
29 0.8217122554779053 1 8 -1.1546363055784752e-05
7 0.9065187275409698 2 5 -0.0005384576650959802
23 0.8722825944423676 3 4 0.0007271867375110827
-2 -2.0 -1 -1 0.007453279671543889
-2 -2.0 -1 -1 0.6872890922953553
18 0.4167647212743759 6 7 -0.019278016513556262
-2 -2.0 -1 -1 -0.6025048507732836
-2 -2.0 -1 -1 -1.20186665665181
28 0.1582818478345871 9 12 0.02918974789445601
2 8.5 10 11 0.013206734834103399
-2 -2.0 -1 -1 -1.0615039725556068
-2 -2.0 -1 -1 0.8761018583149803
21 0.012544803321361542 13 14 0.33686274930624355
-2 -2.0 -1 -1 1.8637880867163175
-2 -2.0 -1 -1 1.266251039452102
tree 11
11 0.5044594258069992 1 8 -1.2826042086441829e-05
18 -0.3425857871770859 2 5 6.888382608359511e-05
11 0.15953585505485535 3 4 -0.010963584249853284
-2 -2.0 -1 -1 -0.33937165459404295
-2 -2.0 -1 -1 -1.4215525167031133
24 0.05114428885281086 6 7 0.0014523591280426692
-2 -2.0 -1 -1 -0.09131083823564984
-2 -2.0 -1 -1 0.29365025866992406
25 0.018518518656492233 9 10 -0.1866381649424425
-2 -2.0 -1 -1 -1.065437621835356
-2 -2.0 -1 -1 -1.4531879997393138
tree 13
7 0.6754104197025299 1 8 -1.2288996274246588e-05
9 0.22303413599729538 2 5 -0.0038179933101191842
25 0.02309175208210945 3 4 -0.009133977618962823
-2 -2.0 -1 -1 -0.3566177397960989
-2 -2.0 -1 -1 -0.7812131217310644
0 733.5 6 7 0.008374020772333022
-2 -2.0 -1 -1 0.3999955891308412
-2 -2.0 -1 -1 -3.7977236849421385
7 0.6755376756191254 9 10 0.004080312191366443
-2 -2.0 -1 -1 1.596208090883492
26 0.711482048034668 11 12 0.0037444622326604686
-2 -2.0 -1 -1 0.0732093947513288
-2 -2.0 -1 -1 0.8601518011516448
tree 15
3 0.472298264503479 1 8 -1.1839477600139145e-05
29 0.9985294044017792 2 5 -0.005046365671270581
34 0.45199692249298096 3 4 -0.005510261830653931
-2 -2.0 -1 -1 -0.3174617140784902
-2 -2.0 -1 -1 0.48242565729568326
19 -0.017706802114844322 6 7 0.12252507815915474
-2 -2.0 -1 -1 1.4600380667109878
-2 -2.0 -1 -1 0.787786674261083
2 23.5 9 12 0.0028492364924473045
17 0.7646627724170685 10 11 0.00042039837620500557
-2 -2.0 -1 -1 -0.06871779620795836
-2 -2.0 -1 -1 0.5234305213645274
7 0.9255251586437225 13 14 0.017852995102141108
-2 -2.0 -1 -1 0.6855255080690182
-2 -2.0 -1 -1 -1.160328076018361
tree 15
4 0.4232323318719864 1 8 -8.564849846627934e-06
7 0.7819706797599792 2 5 -0.014374172077481692
7 0.6864348351955414 3 4 -0.00965478611343208
-2 -2.0 -1 -1 -0.4405761645108821
-2 -2.0 -1 -1 -0.9892882362998591
17 0.5943560600280762 6 7 -0.0664840587638628
-2 -2.0 -1 -1 -1.048059358109347
-2 -2.0 -1 -1 -1.4026610493171823
4 0.42462122440338135 9 12 0.000961222697171941
3 0.22077922523021698 10 11 0.31160751305376694
-2 -2.0 -1 -1 1.9114160961068283
-2 -2.0 -1 -1 -1.0191942966412766
27 0.26480327546596527 13 14 0.0007433781737802164
-2 -2.0 -1 -1 0.08368482469775941
-2 -2.0 -1 -1 -1.0020219380501576
tree 11
11 0.5044594258069992 1 8 -1.4395562936703163e-05
25 0.5098893940448761 2 5 6.405407611311301e-05
4 1.1967742443084717 3 4 0.0005927196408676453
-2 -2.0 -1 -1 0.13268446402564582
-2 -2.0 -1 -1 -0.21976991368496723
34 0.0049498609732836485 6 7 -0.02537442336772081
-2 -2.0 -1 -1 -0.8354835593116487
-2 -2.0 -1 -1 -1.1505582531532357
18 0.2400527335703373 9 10 -0.17919337115269474
-2 -2.0 -1 -1 -1.4334165797286587
-2 -2.0 -1 -1 -1.0593451993472807
tree 15
11 0.1434004157781601 1 8 -1.5324644488164403e-05
29 0.8217122554779053 2 5 0.0008603765144567215
21 0.0017331074923276901 3 4 0.00014659033270362763
-2 -2.0 -1 -1 0.11669504457338618
-2 -2.0 -1 -1 -0.36937433774819
28 0.16585760563611984 6 7 0.05340980748145139
-2 -2.0 -1 -1 0.8035724912817017
-2 -2.0 -1 -1 1.7254555024253355
20 0.020458846352994442 9 12 -0.015676624710246237
3 0.13486012071371078 10 11 -0.023326970791355747
-2 -2.0 -1 -1 -1.638913177017183
-2 -2.0 -1 -1 -0.5852065551809162
0 25.0 13 14 0.06924221679006921
-2 -2.0 -1 -1 1.2134352388388951
-2 -2.0 -1 -1 0.25362047117140074
tree 15
13 0.0008624767942819744 1 8 -1.3921900202214227e-05
0 241.5 2 5 -0.004645817452150724
34 0.05512152798473835 3 4 -0.007910348527001022
-2 -2.0 -1 -1 -0.26862586824430196
-2 -2.0 -1 -1 -0.8316461804713287
8 0.0035832643043249846 6 7 0.010377468645597859
-2 -2.0 -1 -1 -1.3161592680651335
-2 -2.0 -1 -1 0.3976248632181142
19 -0.1367979496717453 9 12 0.002737427288834526
13 0.001745248562656343 10 11 -0.004608679338985575
-2 -2.0 -1 -1 0.9562888021604888
-2 -2.0 -1 -1 -0.9304068785738309
19 -0.13654226809740067 13 14 0.00817898775388645
-2 -2.0 -1 -1 1.5172232157366043
-2 -2.0 -1 -1 0.19046854289392193
tree 15
14 0.023580918088555336 1 8 -2.0646646060838008e-05
12 0.16041957587003708 2 5 0.007572017691035397
5 0.5869612991809845 3 4 0.005666153033905994
-2 -2.0 -1 -1 0.48140427319217177
-2 -2.0 -1 -1 -0.859317876512291
34 0.004201680887490511 6 7 0.05545686720141181
-2 -2.0 -1 -1 1.6791971866471982
-2 -2.0 -1 -1 1.0623647346430451
23 0.37235476076602936 9 12 -0.0017205575688815289
11 0.13326503336429596 10 11 -0.00333047125161408
-2 -2.0 -1 -1 -0.08771325782888725
-2 -2.0 -1 -1 -0.6412099520308451
0 24.5 13 14 0.010394226673781738
-2 -2.0 -1 -1 1.1094482727699555
-2 -2.0 -1 -1 0.1173149503628976
tree 13
28 0.007155657978728414 1 8 -1.536163604725611e-05
27 0.033504148945212364 2 5 -0.0029599009418082947
24 0.5759615302085876 3 4 -0.0007008586461449239
-2 -2.0 -1 -1 -0.12231165623728339
-2 -2.0 -1 -1 0.8036592802634456
17 0.4782305657863617 6 7 -0.02293546175401118
-2 -2.0 -1 -1 -1.0090109473770952
-2 -2.0 -1 -1 -1.0806525927829775
28 0.007181351771578193 9 10 0.004186431839566076
-2 -2.0 -1 -1 2.1043965010444157
33 0.05480480566620827 11 12 0.0036328774023738756
-2 -2.0 -1 -1 0.06872337866879974
-2 -2.0 -1 -1 0.8778945760606606
tree 11
3 0.3648899346590042 1 6 -1.6089813807116633e-05
3 0.36474287509918213 2 5 -0.006786245222984537
8 0.26034240424633026 3 4 -0.0062906547480686414
-2 -2.0 -1 -1 -0.3502381174369142
-2 -2.0 -1 -1 0.9950339945035053
-2 -2.0 -1 -1 -1.928870657747871
12 0.480654776096344 7 10 0.0017819104734820318
0 136.5 8 9 0.0019050923117973542
-2 -2.0 -1 -1 -0.07235056424550555
-2 -2.0 -1 -1 0.2947599681450555
-2 -2.0 -1 -1 -1.2828731708112444
tree 13
31 0.07679487392306328 1 6 -1.4738584304301824e-05
3 0.07547088339924812 2 3 0.0015140751180154983
-2 -2.0 -1 -1 1.308575651643397
31 0.014235055539757013 4 5 0.0013922045061214737
-2 -2.0 -1 -1 -0.04814481846997202
-2 -2.0 -1 -1 0.41839891422815706
0 822.0 7 10 -0.008149380787380695
24 0.23273739963769913 8 9 -0.005567826498582972
-2 -2.0 -1 -1 -0.4692697839609193
-2 -2.0 -1 -1 1.1215098226567666
33 0.03704545460641384 11 12 -0.06389481871110636
-2 -2.0 -1 -1 0.5811667775536768
-2 -2.0 -1 -1 -1.4080745516407873
tree 15
32 0.021015826612710953 1 8 -1.4703692001882942e-05
19 0.17679687589406967 2 5 0.0020978212960060783
3 0.07547088339924812 3 4 0.0007437005741792898
-2 -2.0 -1 -1 1.2707266045192331
-2 -2.0 -1 -1 0.02584055448203668
17 0.7972115278244019 6 7 0.02364630359895381
-2 -2.0 -1 -1 2.263919000498982
-2 -2.0 -1 -1 0.5026971566036991
29 0.5330214500427246 9 12 -0.0055947995766603515
31 0.37949009239673615 10 11 -0.0048775791519814335
-2 -2.0 -1 -1 -0.09502015540546925
-2 -2.0 -1 -1 -1.2181654988287491
7 0.8590221107006073 13 14 -0.1048899828155402
-2 -2.0 -1 -1 -1.0567784832114253
-2 -2.0 -1 -1 -1.2579682632006535
tree 15
29 0.8217122554779053 1 8 -1.7306535929984348e-05
7 0.9065187275409698 2 5 -0.0004728274793779727
23 0.8722825944423676 3 4 0.0005394743058226096
-2 -2.0 -1 -1 0.0024255789952794377
-2 -2.0 -1 -1 0.6652375886307549
5 0.21745886653661728 6 7 -0.015461309897576705
-2 -2.0 -1 -1 0.9758824171330427
-2 -2.0 -1 -1 -1.0025855824043546
28 0.1582818478345871 9 12 0.02522755167565001
2 8.5 10 11 0.012194858350717349
-2 -2.0 -1 -1 -1.0486078693385816
-2 -2.0 -1 -1 0.8095350640793698
8 0.06133291311562061 13 14 0.27610689818060363
-2 -2.0 -1 -1 1.6058132698257475
-2 -2.0 -1 -1 1.2120495300159408
tree 13
30 0.0030075800605118275 1 8 -1.8463453938261823e-05
13 0.03139524720609188 2 5 -0.0023845727467905263
29 0.08227236196398735 3 4 -0.005542242043811703
-2 -2.0 -1 -1 -0.3711745715223567
-2 -2.0 -1 -1 0.6809713982535407
20 5.376344051910564e-05 6 7 0.005763538935732655
-2 -2.0 -1 -1 0.7859672621175502
-2 -2.0 -1 -1 -0.24785551665759986
28 0.9790730476379395 9 12 0.004833798059841554
24 0.0018248114502057433 10 11 0.004393018854989285
-2 -2.0 -1 -1 -0.293352565068609
-2 -2.0 -1 -1 0.4037610440854586
-2 -2.0 -1 -1 1.5027123430851588
tree 15
7 0.6803691387176514 1 8 -1.4551972935937755e-05
9 0.22303413599729538 2 5 -0.0032451874578487677
25 0.02309175208210945 3 4 -0.007504886375988078
-2 -2.0 -1 -1 -0.29137053786406814
-2 -2.0 -1 -1 -0.7293582919378998
0 733.5 6 7 0.006619994377292557
-2 -2.0 -1 -1 0.341568584806426
-2 -2.0 -1 -1 -2.903601565475919
26 0.711482048034668 9 12 0.003602680893752175
8 0.06105846166610718 10 11 0.0022951344515249783
-2 -2.0 -1 -1 -0.32482132372098277
-2 -2.0 -1 -1 0.2256456433115268
13 0.1774509772658348 13 14 0.05007598410308163
-2 -2.0 -1 -1 0.5896848760662053
-2 -2.0 -1 -1 2.05112051199106
tree 13
7 0.5201227068901062 1 8 -1.4936114479653639e-05
25 0.3651515245437622 2 5 -0.006447758364152818
25 0.3048611134290695 3 4 -0.004834416988808192
-2 -2.0 -1 -1 -0.4863659211198272
-2 -2.0 -1 -1 1.3782554038331682
24 0.46190477907657623 6 7 -0.05419257969075757
-2 -2.0 -1 -1 -1.1446763462767229
-2 -2.0 -1 -1 -1.8389556793511872
7 0.5204004943370819 9 10 0.0017388185450664525
-2 -2.0 -1 -1 1.7698869100154784
23 0.04051804728806019 11 12 0.001497384535484098
-2 -2.0 -1 -1 -0.052334744666259224
-2 -2.0 -1 -1 0.3048953744335504
tree 13
14 0.047043632715940475 1 8 -1.4279594239219985e-05
18 -0.49164609611034393 2 5 0.004483155355496663
31 0.008928571827709675 3 4 -0.13910458534152742
-2 -2.0 -1 -1 -1.0045013905567397
-2 -2.0 -1 -1 -1.3806100603344194
25 0.010723937768489122 6 7 0.004831246848095513
-2 -2.0 -1 -1 -0.012083925849998355
-2 -2.0 -1 -1 0.4797847255428933
3 0.07547088339924812 9 10 -0.0025652937941236962
-2 -2.0 -1 -1 1.2568846927535569
29 0.8217122554779053 11 12 -0.002707330418559459
-2 -2.0 -1 -1 -0.15294707479672845
-2 -2.0 -1 -1 0.5989250690972038
tree 15
34 0.7784520089626312 1 8 -1.1632068411836264e-05
34 0.0689215324819088 2 5 -0.0007255591638125227
23 0.0720779225230217 3 4 0.0010433113686179683
-2 -2.0 -1 -1 -0.08157746543168583
-2 -2.0 -1 -1 0.522338799892222
6 0.06992053613066673 6 7 -0.015322488663424321
-2 -2.0 -1 -1 -1.3754190409657123
-2 -2.0 -1 -1 -0.16834741742803483
20 0.0010256679961457849 9 12 0.015346592688311225
13 0.3847495913505554 10 11 0.04044792259343612
-2 -2.0 -1 -1 0.9301488313661671
-2 -2.0 -1 -1 1.358023757156973
6 0.13826319575309753 13 14 -0.008547942509836511
-2 -2.0 -1 -1 -0.10056795084250669
-2 -2.0 -1 -1 -1.0443918108290904
tree 15
22 0.10029586032032967 1 8 -8.951751598467978e-06
23 0.37235476076602936 2 5 0.0010824807480807547
34 0.7784520089626312 3 4 -0.0007522916047735156
-2 -2.0 -1 -1 -0.07522858613060461
-2 -2.0 -1 -1 0.9424436569110967
0 24.5 6 7 0.01874452904166501
-2 -2.0 -1 -1 1.1081282807126578
-2 -2.0 -1 -1 0.5700782954642591
20 0.0004426681116456166 9 12 -0.010076012593158752
11 0.1709468811750412 10 11 0.015172214750702798
-2 -2.0 -1 -1 0.740117629109933
-2 -2.0 -1 -1 -1.369498922872024
23 0.7800179421901703 13 14 -0.02009640282025381
-2 -2.0 -1 -1 -0.8211337751053852
-2 -2.0 -1 -1 -1.1092584704102157
tree 13
24 0.9759001135826111 1 8 -5.99036370989484e-06
4 0.6324561238288879 2 5 -0.00019556535136290123
26 0.8704212605953217 3 4 -0.007131453209362957
-2 -2.0 -1 -1 -0.3736842479575966
-2 -2.0 -1 -1 1.348152104678813
4 1.1403940916061401 6 7 0.001451260507885139
-2 -2.0 -1 -1 0.25040530132536204
-2 -2.0 -1 -1 -0.19434387291955194
11 0.06796343624591827 9 12 0.057561614220253826
17 0.73952317237854 10 11 0.019049123287331143
-2 -2.0 -1 -1 0.1952752288633706
-2 -2.0 -1 -1 1.1133464739203236
-2 -2.0 -1 -1 1.4448628877651015
tree 15
5 0.5789670944213867 1 8 -5.6203448302420435e-06
13 0.12369947507977486 2 5 0.001467332675791753
0 83.5 3 4 -7.58367040938415e-05
-2 -2.0 -1 -1 -0.3686045885530518
-2 -2.0 -1 -1 0.19429590822580803
13 0.12390274927020073 6 7 0.021917227653599
-2 -2.0 -1 -1 3.0364163120711303
-2 -2.0 -1 -1 0.5550381767372574
19 0.20011559128761292 9 12 -0.007173739601798146
26 0.42878788709640503 10 11 -0.00831209181025146
-2 -2.0 -1 -1 -0.4231815554300303
-2 -2.0 -1 -1 -1.2210861752321114
17 0.8234336972236633 13 14 0.06558593905517683
-2 -2.0 -1 -1 2.0516900213813467
-2 -2.0 -1 -1 -0.6895813681435429
tree 15
3 0.48744748532772064 1 8 -9.04392095651705e-06
29 0.8985185027122498 2 5 -0.004039154025816164
7 0.924663245677948 3 4 -0.004510249666679341
-2 -2.0 -1 -1 -0.17577898121976146
-2 -2.0 -1 -1 -1.124742124678918
20 0.021964332088828087 6 7 0.06017480563645615
-2 -2.0 -1 -1 0.24621444171505816
-2 -2.0 -1 -1 1.2480442514733197
2 23.5 9 12 0.002573988946969678
34 0.06486675888299942 10 11 0.00034544303219620373
-2 -2.0 -1 -1 0.13341380197174169
-2 -2.0 -1 -1 -0.4337557752999013
7 0.9072005152702332 13 14 0.01716522723990386
-2 -2.0 -1 -1 0.7888225647725207
-2 -2.0 -1 -1 -0.8598617945089279
tree 15
18 0.17466085404157639 1 8 -6.0075258370599954e-06
11 0.13981493562459946 2 5 -0.001970574909996624
29 0.8217122554779053 3 4 -0.0007701246514240572
-2 -2.0 -1 -1 -0.08203433367753649
-2 -2.0 -1 -1 0.93889082066495
3 0.1433364823460579 6 7 -0.022162931161529724
-2 -2.0 -1 -1 -1.5205907323917338
-2 -2.0 -1 -1 -0.6254552221410385
8 0.09816369786858559 9 12 0.0049837805862150185
6 0.2790110409259796 10 11 -0.0032970979521381397
-2 -2.0 -1 -1 -0.25359057233037013
-2 -2.0 -1 -1 1.4789301687725351
26 0.6837500035762787 13 14 0.015759255333091693
-2 -2.0 -1 -1 0.4456197954679891
-2 -2.0 -1 -1 1.1777006986875442
tree 15
18 -0.3425857871770859 1 8 -3.380954573544211e-06
5 0.047938164323568344 2 5 -0.008692292316595532
29 0.0573626384139061 3 4 -0.197953209328447
-2 -2.0 -1 -1 -1.286005814698078
-2 -2.0 -1 -1 -1.2099328899138928
11 0.15953585505485535 6 7 -0.007945700927988618
-2 -2.0 -1 -1 -0.30113905022860304
-2 -2.0 -1 -1 -1.2812810287827985
24 0.05114428885281086 9 12 0.0010856749142442775
18 -0.34010668098926544 10 11 -0.00186721301263351
-2 -2.0 -1 -1 1.3413017575646071
-2 -2.0 -1 -1 -0.10709900839685357
34 0.313970685005188 13 14 0.007314776168875428
-2 -2.0 -1 -1 0.30715487847435713
-2 -2.0 -1 -1 -1.1643752519782449
tree 11
15 0.009858452714979649 1 6 -3.822487058372845e-06
15 0.009843223728239536 2 5 0.00741247415190399
13 0.09746856242418289 3 4 0.006469253000259551
-2 -2.0 -1 -1 0.22390303853527999
-2 -2.0 -1 -1 0.9150662481114432
-2 -2.0 -1 -1 1.4862472589533615
11 0.5013678520917892 7 10 -0.0013002445216327707
19 0.1524464339017868 8 9 -0.0012374297739283146
-2 -2.0 -1 -1 -0.11333782202695972
-2 -2.0 -1 -1 0.3619671749660417
-2 -2.0 -1 -1 -1.325533537596195
tree 15
8 0.05625542998313904 1 8 -3.0937107382266007e-06
13 0.12369947507977486 2 5 -0.004696218123437894
3 0.07547088339924812 3 4 -0.007064106436016669
-2 -2.0 -1 -1 1.2215279925401143
-2 -2.0 -1 -1 -0.6209518059180255
13 0.12443693727254868 6 7 0.03161140266943651
-2 -2.0 -1 -1 2.3793539691416314
-2 -2.0 -1 -1 0.5595046095615347
18 0.174603171646595 9 12 0.0020103417783874566
29 0.977477490901947 10 11 -0.0011780894008103296
-2 -2.0 -1 -1 -0.07014287085810376
-2 -2.0 -1 -1 1.2249442107310597
26 0.6653645932674408 13 14 0.010422141442277861
-2 -2.0 -1 -1 0.2915024003590938
-2 -2.0 -1 -1 1.211616321063456
tree 13
14 0.1778116524219513 1 8 -3.7526382442383116e-06
14 0.1776377186179161 2 5 0.0009128658755861448
12 0.25796078145504 3 4 0.0007294674717957883
-2 -2.0 -1 -1 0.010709992940054756
-2 -2.0 -1 -1 0.8340493720353233
6 0.3086605370044708 6 7 0.25638684235555137
-2 -2.0 -1 -1 1.6296107966731286
-2 -2.0 -1 -1 -1.0035652281081018
11 0.27761225402355194 9 12 -0.0098833882692717
19 -0.08921565860509872 10 11 -0.011039682041846546
-2 -2.0 -1 -1 -0.44020655987945784
-2 -2.0 -1 -1 -0.9522024540159856
-2 -2.0 -1 -1 1.271102380691713
tree 13
5 0.5925029814243317 1 8 -3.898500734481056e-06
13 0.12369947507977486 2 5 0.0012394111318890155
14 0.04963330179452896 3 4 -3.634727371004829e-05
-2 -2.0 -1 -1 0.2767345526784695
-2 -2.0 -1 -1 -0.18649750027279205
13 0.12390274927020073 6 7 0.018412352346291308
-2 -2.0 -1 -1 2.0861168963099765
-2 -2.0 -1 -1 0.5004419776732622
5 0.5926139056682587 9 10 -0.0071163609579483
-2 -2.0 -1 -1 -1.3038525565861399
18 0.3973717838525772 11 12 -0.006783627889625748
-2 -2.0 -1 -1 -0.3131818758972043
-2 -2.0 -1 -1 -0.9746909079651508
tree 13
3 0.3648899346590042 1 6 -4.509116852233639e-06
3 0.36474287509918213 2 5 -0.005751572093683199
6 0.291252538561821 3 4 -0.00528523788209417
-2 -2.0 -1 -1 -0.39339958142252046
-2 -2.0 -1 -1 0.81480832537532
-2 -2.0 -1 -1 -1.8264831735654967
2 22.5 7 10 0.0015217809398580695
12 0.480654776096344 8 9 -0.0006483858699175478
-2 -2.0 -1 -1 -0.025990327486116255
-2 -2.0 -1 -1 -1.2144362068826258
33 0.18855680525302887 11 12 0.009970140349729796
-2 -2.0 -1 -1 0.19733822284112584
-2 -2.0 -1 -1 1.0442597964882787
tree 15
24 0.06373307481408119 1 8 -3.0630091390657293e-06
8 0.2580610364675522 2 5 -0.001999687015734143
8 0.20388462394475937 3 4 -0.0024379970924576213
-2 -2.0 -1 -1 -0.09737772465504628
-2 -2.0 -1 -1 -0.9555869999046739
6 0.24945566058158875 6 7 0.057629540378515934
-2 -2.0 -1 -1 0.22922610005030047
-2 -2.0 -1 -1 1.1787437014054676
34 0.3051397353410721 9 12 0.004435130833447426
33 0.29944607615470886 10 11 0.005245215335633147
-2 -2.0 -1 -1 0.1848407262755939
-2 -2.0 -1 -1 1.5140631655335168
2 28.5 13 14 -0.13834226267678507
-2 -2.0 -1 -1 -1.32212761721232
-2 -2.0 -1 -1 -0.1773608687707334
tree 15
7 0.5709679126739502 1 8 -3.3047040254883462e-06
7 0.5707333981990814 2 5 -0.004477740206295735
25 0.329861119389534 3 4 -0.0042013753454752415
-2 -2.0 -1 -1 -0.20446574228946912
-2 -2.0 -1 -1 -1.1986871369747796
12 0.012820512987673283 6 7 -0.19212948070341154
-2 -2.0 -1 -1 -1.6200829520051074
-2 -2.0 -1 -1 -1.00151359315587
1 34.5 9 12 0.0018924062875905622
0 140.5 10 11 0.00364938125488513
-2 -2.0 -1 -1 -0.060063914321892786
-2 -2.0 -1 -1 0.5388133110268363
33 0.28705039620399475 13 14 -0.013338238157812309
-2 -2.0 -1 -1 -0.42149834901192285
-2 -2.0 -1 -1 -2.788006419369825
tree 15
21 0.13846153765916824 1 8 -2.5671818805518065e-06
23 0.830952376127243 2 5 0.00045430585225411435
4 2.066133737564087 3 4 -2.924498930753428e-05
-2 -2.0 -1 -1 0.05530217447744195
-2 -2.0 -1 -1 -0.6957609945837225
2 7.5 6 7 0.03263974292771357
-2 -2.0 -1 -1 1.128256397833115
-2 -2.0 -1 -1 -0.12647436648185137
23 0.8267448246479034 9 12 -0.018355692039596753
0 121.5 10 11 -0.00831665694258286
-2 -2.0 -1 -1 -1.0154989323560994
-2 -2.0 -1 -1 -1.0856282508155315
17 0.49135416746139526 13 14 -0.06403330173100996
-2 -2.0 -1 -1 -1.018557183546016
-2 -2.0 -1 -1 -1.1001634511771476
tree 15
5 0.07639112696051598 1 8 -3.49680687418972e-06
20 0.0001512401649961248 2 5 0.016362300241609003
25 0.28909775614738464 3 4 0.04048508916434448
-2 -2.0 -1 -1 1.0589322409834556
-2 -2.0 -1 -1 1.2432470472298018
18 -0.49459803104400635 6 7 -0.020041181223609976
-2 -2.0 -1 -1 -1.2543666241872193
-2 -2.0 -1 -1 -0.6991451926481123
4 1.1967742443084717 9 12 -0.0005130816427700979
29 0.8217122554779053 10 11 0.002038294139688417
-2 -2.0 -1 -1 0.0651166714535884
-2 -2.0 -1 -1 0.7679327249190676
23 0.37104950845241547 13 14 -0.00569082237969377
-2 -2.0 -1 -1 -0.543040009837895
-2 -2.0 -1 -1 0.5052478201520982
tree 15
4 0.4232323318719864 1 8 -2.254882182260231e-06
7 0.7819706797599792 2 5 -0.01105675439528477
0 313.5 3 4 -0.0075874201243879965
-2 -2.0 -1 -1 -0.6563779840300283
-2 -2.0 -1 -1 -1.0603003005354565
19 -0.025643939152359962 6 7 -0.04936398696977006
-2 -2.0 -1 -1 -1.0405811939304443
-2 -2.0 -1 -1 -1.2383220465905707
4 0.42462122440338135 9 12 0.0007440077572212974
26 0.05351220816373825 10 11 0.28636711426305683
-2 -2.0 -1 -1 -1.0158136980661487
-2 -2.0 -1 -1 1.7772546500997406
17 0.45074672996997833 13 14 0.0005437110485916811
-2 -2.0 -1 -1 -0.8581600669830761
-2 -2.0 -1 -1 0.10178371252016227
tree 13
24 0.9759001135826111 1 8 -8.693578943392097e-06
8 0.05625542998313904 2 5 -0.0001720422134066726
13 0.12369947507977486 3 4 -0.004614109059638355
-2 -2.0 -1 -1 -0.6101715248610139
-2 -2.0 -1 -1 0.7367065831487069
29 0.977477490901947 6 7 0.0017227573620920843
-2 -2.0 -1 -1 0.06134451222996576
-2 -2.0 -1 -1 1.1823084589339323
17 0.7756392061710358 9 12 0.04959484175307324
7 0.7167763710021973 10 11 0.01407430323069093
-2 -2.0 -1 -1 1.0594846239030133
-2 -2.0 -1 -1 -1.0367912412291145
-2 -2.0 -1 -1 1.3898122302337537
tree 13
13 0.4035008102655411 1 6 -9.939883166264012e-06
13 0.39523810148239136 2 5 0.0001796882034945205
29 0.0028050546534359455 3 4 9.612785947973267e-05
-2 -2.0 -1 -1 -0.12904197717970037
-2 -2.0 -1 -1 0.14987842315779862
-2 -2.0 -1 -1 1.234866571998849
8 0.15397004783153534 7 10 -0.04315032959849378
5 0.529011607170105 8 9 -0.028482845492189778
-2 -2.0 -1 -1 -1.0451851934127274
-2 -2.0 -1 -1 -1.0173116861086
6 0.2409619763493538 11 12 -0.12626607286754987
-2 -2.0 -1 -1 -1.0580246646298717
-2 -2.0 -1 -1 -1.1975321118445679
tree 15
22 0.047982022166252136 1 8 -9.48437660905611e-06
23 0.2958274781703949 2 5 0.0010134539410305526
34 0.45199692249298096 3 4 -0.000675926549485718
-2 -2.0 -1 -1 -0.0861065959154984
-2 -2.0 -1 -1 0.5891259086228696
11 0.0024436358362436295 6 7 0.018807616356898232
-2 -2.0 -1 -1 0.4744517248794551
-2 -2.0 -1 -1 1.1144673064597457
21 4.5687134843319654e-05 9 12 -0.0075642123188098655
32 0.22077922523021698 10 11 0.009300082751609541
-2 -2.0 -1 -1 0.3171476352523605
-2 -2.0 -1 -1 1.298021129729105
22 0.052750106900930405 13 14 -0.018721383142837354
-2 -2.0 -1 -1 -1.5298731084135417
-2 -2.0 -1 -1 -0.8275367686009754
tree 15
3 0.5919871628284454 1 8 -5.990769830376789e-06
34 0.5732790529727936 2 5 -0.0025960753597426924
18 0.17665784806013107 3 4 -0.0037768071038210673
-2 -2.0 -1 -1 -0.3775001269385652
-2 -2.0 -1 -1 0.17678946756502784
26 0.1725708544254303 6 7 0.014479697015061603
-2 -2.0 -1 -1 0.4301785081633437
-2 -2.0 -1 -1 1.204511100142407
2 22.5 9 12 0.0029688924709575007
8 0.14438538253307343 10 11 0.0007855958982761756
-2 -2.0 -1 -1 -0.10017767743228512
-2 -2.0 -1 -1 0.5782623312519011
28 0.9558359682559967 13 14 0.020631201924315414
-2 -2.0 -1 -1 0.9477430871151195
-2 -2.0 -1 -1 -1.2206959485389781
tree 15
24 0.3708469420671463 1 8 -9.761022742581566e-07
24 0.35737937688827515 2 5 -0.0011336437368026071
28 0.006757990922778845 3 4 -0.0008702570983239688
-2 -2.0 -1 -1 -0.20195134847629437
-2 -2.0 -1 -1 0.13829305240999537
17 0.735671877861023 6 7 -0.05777640360073652
-2 -2.0 -1 -1 -0.7664333482119653
-2 -2.0 -1 -1 -1.704440564183932
26 0.4195147305727005 9 12 0.006467371079342179
25 0.39374999701976776 10 11 0.007727971799818449
-2 -2.0 -1 -1 0.47260616871173544
-2 -2.0 -1 -1 -1.377219445421885
11 0.0059523810632526875 13 14 -0.16396584632904793
-2 -2.0 -1 -1 -1.1792646687572068
-2 -2.0 -1 -1 -1.697503915369412
tree 11
11 0.5044594258069992 1 8 -1.6366426250688056e-06
5 0.5732862651348114 2 5 5.462580321328995e-05
13 0.12369947507977486 3 4 0.0013116554458132317
-2 -2.0 -1 -1 0.007473287784104931
-2 -2.0 -1 -1 0.5870682305983317
13 0.3260077238082886 6 7 -0.0056316473442672025
-2 -2.0 -1 -1 -0.33978064299280436
-2 -2.0 -1 -1 -1.167604862505325
7 0.6216321587562561 9 10 -0.12850506293742803
-2 -2.0 -1 -1 -1.2800355712539788
-2 -2.0 -1 -1 -1.0397587262002455
tree 13
4 0.5982456207275391 1 8 -2.2496392167316836e-06
13 0.20251068472862244 2 5 -0.005830447524304592
29 0.612432211637497 3 4 -0.007560707393470359
-2 -2.0 -1 -1 -0.4060981582700262
-2 -2.0 -1 -1 -1.2522264868015414
19 0.1187957338988781 6 7 0.07121700664972415
-2 -2.0 -1 -1 0.8286871848282147
-2 -2.0 -1 -1 1.5876740949845385
2 95.5 9 12 0.0011861131540019244
5 0.07639112696051598 10 11 0.001092647845001674
-2 -2.0 -1 -1 0.6925549214067396
-2 -2.0 -1 -1 0.022547119611601073
-2 -2.0 -1 -1 1.217270345843179
tree 11
13 0.4035008102655411 1 6 -1.5614790858890761e-06
13 0.39523810148239136 2 5 0.00017282794388300343
20 0.03207765892148018 3 4 0.00010275924820744983
-2 -2.0 -1 -1 0.04614350725721083
-2 -2.0 -1 -1 -0.6648592796494965
-2 -2.0 -1 -1 1.1897807946353005
15 0.10260076075792313 7 10 -0.039675155204509135
8 0.17453418672084808 8 9 -0.031999848466212844
-2 -2.0 -1 -1 -1.0382511983852016
-2 -2.0 -1 -1 -1.1255400777558986
-2 -2.0 -1 -1 -1.2277561030690904
tree 15
7 0.6651107668876648 1 8 -2.7100791968292622e-06
9 0.20622263848781586 2 5 -0.002600807038503232
24 0.16064845025539398 3 4 -0.0063600802375410725
-2 -2.0 -1 -1 -0.42918204911476737
-2 -2.0 -1 -1 -0.9274485988772835
16 0.0008445946150459349 6 7 0.005433922503407051
-2 -2.0 -1 -1 0.3808777754766554
-2 -2.0 -1 -1 -1.5470775500198748
8 0.06105846166610718 9 12 0.0025436050516312093
20 0.0252221692353487 10 11 -0.004844379665634922
-2 -2.0 -1 -1 -0.3386751129499764
-2 -2.0 -1 -1 1.3589277982442423
26 0.8021116852760315 13 14 0.006156567900461997
-2 -2.0 -1 -1 0.21441959784139497
-2 -2.0 -1 -1 1.2721588417361391
tree 15
14 0.023580918088555336 1 8 -4.42960883273552e-06
31 0.018019480630755424 2 5 0.005477784689080821
16 0.02740326337516308 3 4 0.0018487878271798903
-2 -2.0 -1 -1 0.23021995886059712
-2 -2.0 -1 -1 -1.1126694804750616
13 0.07857142761349678 6 7 0.020810296430612267
-2 -2.0 -1 -1 0.6721352402391992
-2 -2.0 -1 -1 1.2652339336627492
24 0.4118492603302002 9 12 -0.0012318348453232877
30 0.0031796583207324147 10 11 -0.0023221461155791727
-2 -2.0 -1 -1 -0.26208625354808723
-2 -2.0 -1 -1 0.12397548824068604
34 0.15576592087745667 13 14 0.007631942596243462
-2 -2.0 -1 -1 0.40478455148725395
-2 -2.0 -1 -1 -1.2983858437629991
tree 11
11 0.5044594258069992 1 8 -3.5062740822139487e-06
17 0.7724464237689972 2 5 5.068701102309603e-05
19 0.15111416578292847 3 4 -0.000732248518689627
-2 -2.0 -1 -1 -0.033115138285523475
-2 -2.0 -1 -1 -1.2202267748054993
18 -0.27657827734947205 6 7 0.008630184726670924
-2 -2.0 -1 -1 1.4259359746300553
-2 -2.0 -1 -1 0.15204732151076747
30 0.5 9 10 -0.12378096945462508
-2 -2.0 -1 -1 -1.26836510180189
-2 -2.0 -1 -1 -1.0373212191431693
tree 13
7 0.5201227068901062 1 8 -2.7477052567996618e-06
25 0.3651515245437622 2 5 -0.004803685675123585
25 0.3048611134290695 3 4 -0.003486210446414189
-2 -2.0 -1 -1 -0.454063490221318
-2 -2.0 -1 -1 1.2876482447203843
24 0.17210526019334793 6 7 -0.04379271822474208
-2 -2.0 -1 -1 -1.0676812573220802
-2 -2.0 -1 -1 -1.3514856175234244
7 0.5204004943370819 9 10 0.0013061128551719412
-2 -2.0 -1 -1 1.4978607366025098
23 0.04051804728806019 11 12 0.00112161852314366
-2 -2.0 -1 -1 -0.05306838329408558
-2 -2.0 -1 -1 0.2935024605305894
tree 15
0 297.5 1 8 -3.0034491821867032e-06
22 0.10029586032032967 2 5 -0.0011728428415866692
23 0.6899313628673553 3 4 -0.00018102003117532913
-2 -2.0 -1 -1 -0.06254574176709038
-2 -2.0 -1 -1 0.7647014474237936
23 0.8350340127944946 6 7 -0.011809287463584115
-2 -2.0 -1 -1 -0.47976554489785805
-2 -2.0 -1 -1 -1.0992340252619517
17 0.611755758523941 9 12 0.0052683210418934005
17 0.6084725260734558 10 11 -0.005602329042198315
-2 -2.0 -1 -1 -0.17370905983007862
-2 -2.0 -1 -1 -1.5082316235964446
6 0.28645047545433044 13 14 0.018017146271404112
-2 -2.0 -1 -1 0.6374576557218354
-2 -2.0 -1 -1 2.0562421347554385
tree 15
3 0.47187672555446625 1 8 -1.5631981287008686e-06
3 0.4675625264644623 2 5 -0.00334462495703741
29 0.9985294044017792 3 4 -0.002657513642884376
-2 -2.0 -1 -1 -0.16415703713220017
-2 -2.0 -1 -1 1.123789735768046
14 0.08492975682020187 6 7 -0.0403570210794137
-2 -2.0 -1 -1 -0.18611266162075069
-2 -2.0 -1 -1 -1.5440383208402286
8 0.11612081155180931 9 12 0.0018803381887261958
8 0.11583245173096657 10 11 -0.000887355692064267
-2 -2.0 -1 -1 -0.028299632187895062
-2 -2.0 -1 -1 -1.826231155105276
26 0.49390244483947754 13 14 0.007516317109006669
-2 -2.0 -1 -1 0.2598390758757847
-2 -2.0 -1 -1 0.7620733986701186
tree 15
24 0.07185886427760124 1 8 -1.378562769636696e-06
8 0.2580610364675522 2 5 -0.001661840792910058
8 0.20355886220932007 3 4 -0.002008085994508695
-2 -2.0 -1 -1 -0.08940392263279263
-2 -2.0 -1 -1 -0.9076785488205656
6 0.24945566058158875 6 7 0.04572858940850284
-2 -2.0 -1 -1 0.22405968701192805
-2 -2.0 -1 -1 1.1407581891284848
33 0.29944607615470886 9 12 0.003762256699399969
34 0.3051397353410721 10 11 0.0032767645667563473
-2 -2.0 -1 -1 0.17344341077789224
-2 -2.0 -1 -1 -1.0969710866179114
14 0.1501736119389534 13 14 0.2296779290895636
-2 -2.0 -1 -1 -1.0198738118172888
-2 -2.0 -1 -1 1.5486112884398617
tree 15
0 83.5 1 8 -1.3225005149949795e-06
23 0.830952376127243 2 5 -0.002546102867881869
29 0.8217122554779053 3 4 -0.003411177244099204
-2 -2.0 -1 -1 -0.3239798415647049
-2 -2.0 -1 -1 0.5412658879960707
13 0.23870613425970078 6 7 0.05056946383186233
-2 -2.0 -1 -1 0.9912671975002404
-2 -2.0 -1 -1 -1.225917668833484
5 0.28029003739356995 9 12 0.002328015438432725
3 0.6247895658016205 10 11 0.010499341032090671
-2 -2.0 -1 -1 0.2716034510630316
-2 -2.0 -1 -1 0.9823971101960285
17 0.626713216304779 13 14 -0.0014180079082931126
-2 -2.0 -1 -1 -0.3611896194368893
-2 -2.0 -1 -1 0.36297355290307076
tree 13
24 0.977225661277771 1 8 2.863434858969868e-06
18 -0.4760033041238785 2 5 -0.0001308176098145016
23 0.009999999776482582 3 4 -0.018890972666935284
-2 -2.0 -1 -1 -0.43572172832132444
-2 -2.0 -1 -1 -1.1373471450891661
5 0.07639112696051598 6 7 0.00017459972273897923
-2 -2.0 -1 -1 0.604705323743784
-2 -2.0 -1 -1 -0.017425505659591434
15 0.02849702350795269 9 10 0.046863211171551115
-2 -2.0 -1 -1 1.3339425254695185
17 0.6843964159488678 11 12 0.009866974278389602
-2 -2.0 -1 -1 -1.0331328580421577
-2 -2.0 -1 -1 1.0577303120251826
tree 13
3 0.3648899346590042 1 6 2.673731819326437e-06
3 0.36474287509918213 2 5 -0.004660973873094817
28 0.4441485106945038 3 4 -0.00427395033493659
-2 -2.0 -1 -1 -0.21802509859423067
-2 -2.0 -1 -1 -1.1361271329246352
-2 -2.0 -1 -1 -1.6011003361696745
0 137.5 7 10 0.0012412331483556542
25 0.31866537034511566 8 9 -0.0013877077714786132
-2 -2.0 -1 -1 -0.024799938146698706
-2 -2.0 -1 -1 -1.1488027354153805
7 0.8998486399650574 11 12 0.006268022600716163
-2 -2.0 -1 -1 0.40038993793924077
-2 -2.0 -1 -1 -0.8215733364298816
tree 15
7 0.6651107668876648 1 8 -8.515646105712648e-07
9 0.20622263848781586 2 5 -0.002411431444987212
24 0.16064845025539398 3 4 -0.005511149213492509
-2 -2.0 -1 -1 -0.40711174067824407
-2 -2.0 -1 -1 -0.8784847627606428
0 733.5 6 7 0.00421362414622869
-2 -2.0 -1 -1 0.2923491707974937
-2 -2.0 -1 -1 -2.2782147691543604
31 0.07796813175082207 9 12 0.0023616838294153986
19 -0.1254720240831375 10 11 0.004273053685580359
-2 -2.0 -1 -1 -0.7617083820485797
-2 -2.0 -1 -1 0.2678765034635086
0 933.5 13 14 -0.008367180205619437
-2 -2.0 -1 -1 -0.27278554952067124
-2 -2.0 -1 -1 -1.345847631113869
tree 15
0 297.5 1 8 -4.8455865487732925e-06
13 0.06176697462797165 2 5 -0.0011173972369318565
34 0.05247857980430126 3 4 -0.0027275343845353426
-2 -2.0 -1 -1 -0.024828599072846173
-2 -2.0 -1 -1 -0.7138409653889215
28 0.7463541626930237 6 7 0.005196035262881793
-2 -2.0 -1 -1 0.19923830369922557
-2 -2.0 -1 -1 1.1153340952249435
13 0.07386712729930878 9 12 0.005008338958550928
4 0.6238207519054413 10 11 0.008793626445669549
-2 -2.0 -1 -1 -0.7278068913912418
-2 -2.0 -1 -1 0.560298630096583
6 0.05814284645020962 13 14 -0.020030122309453852
-2 -2.0 -1 -1 -2.0292156090131663
-2 -2.0 -1 -1 -0.9270418631978288
tree 11
11 0.5044594258069992 1 8 -6.254622209138411e-06
24 0.07185886427760124 2 5 4.262489600080281e-05
8 0.2580610364675522 3 4 -0.0015337496362551808
-2 -2.0 -1 -1 -0.11943634514652875
-2 -2.0 -1 -1 0.9060442786962322
33 0.29944607615470886 6 7 0.003617093613634187
-2 -2.0 -1 -1 0.14729813245854925
-2 -2.0 -1 -1 1.3979026420752287
12 0.05714285746216774 9 10 -0.11164707421373152
-2 -2.0 -1 -1 -1.0324656437474682
-2 -2.0 -1 -1 -1.2373930978316836
tree 13
13 0.330263152718544 1 8 -4.966120635067271e-06
17 0.45074672996997833 2 5 0.00018626017190049882
24 0.25819891691207886 3 4 -0.0031344390203755746
-2 -2.0 -1 -1 -0.7510100484963713
-2 -2.0 -1 -1 -1.03930953003124
13 0.12369947507977486 6 7 0.0019223841120233518
-2 -2.0 -1 -1 0.035028717325838565
-2 -2.0 -1 -1 0.5230826296567943
17 0.6626609563827515 9 12 -0.027123244730834998
18 0.36885683238506317 10 11 -0.03899668086879986
-2 -2.0 -1 -1 -1.0508723340960615
-2 -2.0 -1 -1 -1.2016236427020526
-2 -2.0 -1 -1 1.1778261932119967
tree 15
8 0.05625542998313904 1 8 -8.840651011607236e-06
13 0.12369947507977486 2 5 -0.003442322068994642
5 0.06004001386463642 3 4 -0.005061608560141785
-2 -2.0 -1 -1 0.9330547922480448
-2 -2.0 -1 -1 -0.6588352507374976
13 0.12443693727254868 6 7 0.021386737461928186
-2 -2.0 -1 -1 1.7819588266075983
-2 -2.0 -1 -1 0.4194587346599323
29 0.977477490901947 9 12 0.0014641851480730512
26 0.6809090971946716 10 11 0.001194973295299556
-2 -2.0 -1 -1 0.02739594935127229
-2 -2.0 -1 -1 0.6532631238669808
17 0.6804283559322357 13 14 0.06742108907758014
-2 -2.0 -1 -1 0.791834524076753
-2 -2.0 -1 -1 1.437155951947027
tree 15
23 0.9589858949184418 1 8 -9.650277022285327e-06
23 0.8722825944423676 2 5 0.00013357385127772139
0 80.5 3 4 -0.000131664192129832
-2 -2.0 -1 -1 -0.21682149556212973
-2 -2.0 -1 -1 0.1165630765113043
22 0.36818181350827217 6 7 0.0324997837427667
-2 -2.0 -1 -1 1.0862435894873295
-2 -2.0 -1 -1 -1.1064204877325896
7 0.9128434062004089 9 12 -0.03622944094488937
1 14.0 10 11 0.008924196717538737
-2 -2.0 -1 -1 1.0381946873808465
-2 -2.0 -1 -1 -1.0354925468022182
7 0.947124570608139 13 14 -0.0926714880229245
-2 -2.0 -1 -1 -1.0807034156559003
-2 -2.0 -1 -1 -1.1905486761616235
tree 13
29 0.8217122554779053 1 8 -8.426840871253664e-06
7 0.9065187275409698 2 5 -0.00031971224466379605
18 0.17466085404157639 3 4 0.00041001458665889474
-2 -2.0 -1 -1 -0.09459177845920658
-2 -2.0 -1 -1 0.29089895083928824
18 0.4167647212743759 6 7 -0.011124294377452255
-2 -2.0 -1 -1 -0.5866077200067573
-2 -2.0 -1 -1 -1.1024217403996477
28 0.16585760563611984 9 12 0.01724293337671843
2 8.5 10 11 0.009846071578190905
-2 -2.0 -1 -1 -1.036135747691147
-2 -2.0 -1 -1 0.6860617240344508
-2 -2.0 -1 -1 1.4480560035052166
tree 13
24 0.977225661277771 1 8 -9.028037767548783e-06
14 0.047043632715940475 2 5 -0.0001303591233426594
25 0.01282754447311163 3 4 0.0028427548550478453
-2 -2.0 -1 -1 -0.0699010559741264
-2 -2.0 -1 -1 0.44767406913281216
3 0.07547088339924812 6 7 -0.0018243069429285687
-2 -2.0 -1 -1 1.1726307540486005
-2 -2.0 -1 -1 -0.1108063293215093
11 0.06796343624591827 9 12 0.0425221840365247
19 0.06439643912017345 10 11 0.007294460539775615
-2 -2.0 -1 -1 -1.0286657009107965
-2 -2.0 -1 -1 1.0443511209447431
-2 -2.0 -1 -1 1.30937125155474
tree 15
3 0.48744748532772064 1 8 -6.637205153757284e-06
34 0.45199692249298096 2 5 -0.0028170211239811616
12 0.52130326628685 3 4 -0.0040056131466632465
-2 -2.0 -1 -1 -0.23236714077103512
-2 -2.0 -1 -1 -1.1607758315549401
26 0.17886240035295486 6 7 0.012190087315073588
-2 -2.0 -1 -1 0.35418607785145817
-2 -2.0 -1 -1 1.1621490191336772
2 23.5 9 12 0.0017946322006297077
34 0.06486675888299942 10 11 0.000317426394660666
-2 -2.0 -1 -1 0.1252346341668189
-2 -2.0 -1 -1 -0.3837214001734334
28 0.974137932062149 13 14 0.01146652712534839
-2 -2.0 -1 -1 0.6287495754506041
-2 -2.0 -1 -1 -1.211883971221409
tree 13
27 0.3834492564201355 1 6 -4.789763942735026e-06
27 0.3830781579017639 2 5 0.0006537863859472442
4 0.5889894664287567 3 4 0.00045475450216143486
-2 -2.0 -1 -1 -0.3415595696054539
-2 -2.0 -1 -1 0.09117061946338573
-2 -2.0 -1 -1 1.7185767429996917
34 0.06980519741773605 7 10 -0.007415095664983672
17 0.5196154117584229 8 9 -0.005862059240573354
-2 -2.0 -1 -1 -1.0029743988067814
-2 -2.0 -1 -1 -0.8850693865186733
33 0.02678571455180645 11 12 -0.15068270581683552
-2 -2.0 -1 -1 -1.0155380407220147
-2 -2.0 -1 -1 -2.3094884962754296
tree 15
18 -0.41097357869148254 1 8 -5.877527982255178e-06
5 0.047938164323568344 2 5 -0.008808228749756303
33 0.001098901149816811 3 4 -0.1481529003908442
-2 -2.0 -1 -1 -1.191324006098281
-2 -2.0 -1 -1 -1.157016389173713
24 0.09247289597988129 6 7 -0.007732208119323199
-2 -2.0 -1 -1 -0.222178284326603
-2 -2.0 -1 -1 -0.9200447525444039
18 -0.4098864942789078 9 12 0.0005272887910901622
1 8.0 10 11 0.11432048365422917
-2 -2.0 -1 -1 1.3835817397840542
-2 -2.0 -1 -1 0.7960489828535456
24 0.05114428885281086 13 14 0.00039509409445547314
-2 -2.0 -1 -1 -0.10555852023969688
-2 -2.0 -1 -1 0.21813765941364888
tree 15
20 0.03207765892148018 1 8 -5.7593529841340014e-06
20 0.017790705896914005 2 5 0.0006509477545324801
30 0.012803250458091497 3 4 -0.00013972438486922523
-2 -2.0 -1 -1 -0.10729231119770477
-2 -2.0 -1 -1 0.34091658331953784
7 0.6864086091518402 6 7 0.0172592241142809
-2 -2.0 -1 -1 -0.5291754093276069
-2 -2.0 -1 -1 1.0281946930917725
0 762.0 9 12 -0.007064094613978986
20 0.03397309593856335 10 11 -0.005707617538089604
-2 -2.0 -1 -1 -1.4787492534636408
-2 -2.0 -1 -1 -0.42740514741373425
2 23.5 13 14 -0.2695424087985728
-2 -2.0 -1 -1 -1.001521119407503
-2 -2.0 -1 -1 -2.1624707922363684
tree 15
0 297.5 1 8 -2.677001850867793e-06
12 0.08218864724040031 2 5 -0.0010154766186874738
12 0.08089464902877808 3 4 -0.002087884275217735
-2 -2.0 -1 -1 -0.13115408698099193
-2 -2.0 -1 -1 -2.0510317337468416
14 0.11016038432717323 6 7 0.00746165057102793
-2 -2.0 -1 -1 0.7218116676318813
-2 -2.0 -1 -1 -0.474946055906305
17 0.611755758523941 9 12 0.004561022476424946
19 -0.0115274703130126 10 11 -0.0035224783231292433
-2 -2.0 -1 -1 -0.10721882368384018
-2 -2.0 -1 -1 -1.3825078757348026
6 0.28645047545433044 13 14 0.014041149068572263
-2 -2.0 -1 -1 0.564635849976545
-2 -2.0 -1 -1 1.8479037653638615
tree 11
11 0.5044594258069992 1 8 7.235775683228452e-08
3 0.6098822951316833 2 5 4.6682533544136326e-05
3 0.606990247964859 3 4 -0.001887340131346934
-2 -2.0 -1 -1 -0.1033046289180042
-2 -2.0 -1 -1 -1.1575551373745412
2 22.5 6 7 0.002563347794709698
-2 -2.0 -1 -1 0.06071730807623247
-2 -2.0 -1 -1 0.9022354700065478
7 0.6216321587562561 9 10 -0.1064575691404427
-2 -2.0 -1 -1 -1.2247311572770945
-2 -2.0 -1 -1 -1.0303126874499353
tree 15
4 0.4232323318719864 1 8 1.8591837192820067e-06
29 0.6021578311920166 2 5 -0.007954982450452982
7 0.7215135991573334 3 4 -0.0072194898147769256
-2 -2.0 -1 -1 -0.5987097565479134
-2 -2.0 -1 -1 -1.0088380434638209
4 0.26505017280578613 6 7 -0.11349817566996849
-2 -2.0 -1 -1 -1.1132483160050386
-2 -2.0 -1 -1 -1.1432079950845293
4 0.42462122440338135 9 12 0.0005390063998547118
6 0.034978593699634075 10 11 0.2491495901314138
-2 -2.0 -1 -1 -1.0125025934442304
-2 -2.0 -1 -1 1.6126391941186162
27 0.26614584028720856 13 14 0.0003646651770415571
-2 -2.0 -1 -1 0.06774267581785649
-2 -2.0 -1 -1 -0.9698643076628009
tree 13
3 0.3648899346590042 1 6 -1.7321844767238974e-06
3 0.36474287509918213 2 5 -0.004000760768251876
23 0.388642355799675 3 4 -0.0036776752202815704
-2 -2.0 -1 -1 -0.3677669632426588
-2 -2.0 -1 -1 0.5598648729165503
-2 -2.0 -1 -1 -1.4566997083612327
0 137.5 7 10 0.0010603194388521006
25 0.31866537034511566 8 9 -0.001097481242872016
-2 -2.0 -1 -1 -0.017095499181983748
-2 -2.0 -1 -1 -1.1320411306682505
32 0.5162545442581177 11 12 0.005186243161729425
-2 -2.0 -1 -1 0.17686599082742072
-2 -2.0 -1 -1 0.8580648484953368
tree 15
32 0.03561670705676079 1 8 -2.4526432140970398e-06
5 0.56161168217659 2 5 0.001199657260756683
7 0.8016081750392914 3 4 0.003077534765071795
-2 -2.0 -1 -1 0.07745205816267696
-2 -2.0 -1 -1 0.5709356370691164
19 0.20011559128761292 6 7 -0.004319392895993173
-2 -2.0 -1 -1 -0.4647234612911787
-2 -2.0 -1 -1 0.756048043374529
27 0.2372448965907097 9 12 -0.0038682784045075704
34 0.18882689625024796 10 11 -0.0049793699863398475
-2 -2.0 -1 -1 -0.2570016906777625
-2 -2.0 -1 -1 -0.9150637487054709
25 0.06494949385523796 13 14 0.04520493312641771
-2 -2.0 -1 -1 0.6438238941887121
-2 -2.0 -1 -1 1.741912158740736
tree 15
18 -0.3425857871770859 1 8 -2.427336792856128e-06
5 0.047938164323568344 2 5 -0.00591251753569076
0 232.0 3 4 -0.13782962987520292
-2 -2.0 -1 -1 -1.1767424982498567
-2 -2.0 -1 -1 -1.1434620017945245
11 0.15953585505485535 6 7 -0.005392134449538841
-2 -2.0 -1 -1 -0.28795866710790646
-2 -2.0 -1 -1 -1.1694628309290467
24 0.0014274747227318585 9 12 0.0007383350151497773
18 -0.34010668098926544 10 11 -0.001935043339334859
-2 -2.0 -1 -1 1.2187265222492916
-2 -2.0 -1 -1 -0.17917488986908628
30 0.012803250458091497 13 14 0.003978131768269773
-2 -2.0 -1 -1 0.0527806666502943
-2 -2.0 -1 -1 0.5947058814332202
tree 13
19 0.1524464339017868 1 8 -1.5883166724944417e-06
19 0.15111416578292847 2 5 -0.0006245495055635384
15 0.009929800871759653 3 4 -0.0005022070224237201
-2 -2.0 -1 -1 0.3915331171405709
-2 -2.0 -1 -1 -0.10228276699794854
26 0.12285590916872025 6 7 -0.0645332041357262
-2 -2.0 -1 -1 -1.035522370874018
-2 -2.0 -1 -1 -1.2590436796406617
17 0.7725079953670502 9 10 0.006808694967627343
-2 -2.0 -1 -1 1.5369383441721676
18 -0.27657827734947205 11 12 0.0050105473684123195
-2 -2.0 -1 -1 1.3591644565236987
-2 -2.0 -1 -1 0.05057677570389678
tree 11
11 0.5044594258069992 1 8 -2.0933679326761022e-07
13 0.0008624767942819744 2 5 4.251763545033818e-05
1 73.0 3 4 -0.0026331237924887047
-2 -2.0 -1 -1 -0.16900627229143797
-2 -2.0 -1 -1 -1.6288155590091682
17 0.4832020550966263 6 7 0.0016329599920926383
-2 -2.0 -1 -1 -0.7175214393224146
-2 -2.0 -1 -1 0.1856875904255482
15 0.03768187784589827 9 10 -0.09758861394117824
-2 -2.0 -1 -1 -1.0267989652878884
-2 -2.0 -1 -1 -1.2034819662939094
tree 15
24 0.05114428885281086 1 8 -2.7311930032780097e-06
24 0.04784798622131348 2 5 -0.0013614404730752372
8 0.2580610364675522 3 4 -0.0011206457712640947
-2 -2.0 -1 -1 -0.1028657946693663
-2 -2.0 -1 -1 0.8780677169378465
24 0.04814102686941624 6 7 -0.06941877937587743
-2 -2.0 -1 -1 -1.508579964254001
-2 -2.0 -1 -1 -1.1871442732040358
33 0.29944607615470886 9 12 0.002920836361358446
34 0.313970685005188 10 11 0.002526727240153427
-2 -2.0 -1 -1 0.15606852222259923
-2 -2.0 -1 -1 -1.0380392446463467
31 0.18537119776010513 13 14 0.11681837238960817
-2 -2.0 -1 -1 -1.0124873959616816
-2 -2.0 -1 -1 1.440727940486431
tree 13
7 0.5201227068901062 1 8 -2.613725462188175e-06
25 0.3651515245437622 2 5 -0.0038289602490228767
25 0.3048611134290695 3 4 -0.00281845148699698
-2 -2.0 -1 -1 -0.4543603066997365
-2 -2.0 -1 -1 1.1839941308329898
24 0.3333333432674408 6 7 -0.03373370392522687
-2 -2.0 -1 -1 -1.0822803944747537
-2 -2.0 -1 -1 -1.2860163393051414
7 0.5204004943370819 9 10 0.0010405478580983601
-2 -2.0 -1 -1 1.390993316314658
23 0.04051804728806019 11 12 0.0008844883781047217
-2 -2.0 -1 -1 -0.057432198219168215
-2 -2.0 -1 -1 0.2982034916405821
tree 15
4 1.8221344351768494 1 8 -2.703117178642343e-06
4 1.8160676956176758 2 5 0.0007960124113732641
0 235.5 3 4 0.0006243108471758564
-2 -2.0 -1 -1 -0.06239539031929553
-2 -2.0 -1 -1 0.2842614067137245
29 0.06722689419984818 6 7 0.1691064707158854
-2 -2.0 -1 -1 1.355575825376408
-2 -2.0 -1 -1 1.082141964653188
23 0.4131324291229248 9 12 -0.004863103814180575
23 0.2819121181964874 10 11 -0.007092803755569929
-2 -2.0 -1 -1 -0.6737082860876572
-2 -2.0 -1 -1 -1.5058860139498618
34 0.0886499397456646 13 14 0.052830382169269045
-2 -2.0 -1 -1 0.9197320581220664
-2 -2.0 -1 -1 1.0910653899012774
tree 15
32 0.021095422096550465 1 8 -2.185041629727801e-06
19 0.17679687589406967 2 5 0.0012062084113131197
3 0.07547088339924812 3 4 0.0003119401744115267
-2 -2.0 -1 -1 1.1479112084380538
-2 -2.0 -1 -1 0.015233554763471623
17 0.7972115278244019 6 7 0.015441498713011986
-2 -2.0 -1 -1 1.6583556253598029
-2 -2.0 -1 -1 0.457133247349122
29 0.5330214500427246 9 12 -0.003197585910815143
31 0.3990131616592407 10 11 -0.0026900497886412087
-2 -2.0 -1 -1 -0.07791672106669041
-2 -2.0 -1 -1 -1.1573102551166592
34 0.015863356413319707 13 14 -0.0734067494782091
-2 -2.0 -1 -1 -1.0945819115845405
-2 -2.0 -1 -1 -1.3284694796453467
tree 13
22 0.047982022166252136 1 8 -3.854216356244193e-06
23 0.2958274781703949 2 5 0.0007072226400968811
11 0.12297972291707993 3 4 -0.0005029968781530423
-2 -2.0 -1 -1 0.01957030530698013
-2 -2.0 -1 -1 -0.6243410721872954
11 0.13824468851089478 6 7 0.013454405875302387
-2 -2.0 -1 -1 0.6311990320230468
-2 -2.0 -1 -1 1.1012048762485527
22 0.048448819667100906 9 10 -0.005255385128693527
-2 -2.0 -1 -1 -1.2961621638468568
21 4.5687134843319654e-05 11 12 -0.004845024443605366
-2 -2.0 -1 -1 0.33533578025079963
-2 -2.0 -1 -1 -0.8207636423766552
tree 15
29 0.8217122554779053 1 8 -3.7905876435092734e-06
14 0.0701957456767559 2 5 -0.0002672679484398926
25 0.020944003015756607 3 4 0.0019981065454400013
-2 -2.0 -1 -1 -0.09914052522219732
-2 -2.0 -1 -1 0.38577544118447027
17 0.7883757650852203 6 7 -0.0028191677809583167
-2 -2.0 -1 -1 -0.2589280314726961
-2 -2.0 -1 -1 0.5365888643666474
28 0.1582818478345871 9 12 0.014598059691553578
14 0.0968128927052021 10 11 0.006385336629800569
-2 -2.0 -1 -1 -0.7225126542625355
-2 -2.0 -1 -1 0.845757311245719
7 0.9456901550292969 13 14 0.17269297863029895
-2 -2.0 -1 -1 1.1320061768674154
-2 -2.0 -1 -1 1.2966357127469266
tree 15
34 0.782561182975769 1 8 -2.4116450970789743e-06
13 0.330263152718544 2 5 -0.00042056034713390745
12 0.52130326628685 3 4 -0.00024102302884338738
-2 -2.0 -1 -1 -0.01261593157505497
-2 -2.0 -1 -1 -1.1305562192388985
27 0.1529749110341072 6 7 -0.03435311350404196
-2 -2.0 -1 -1 -1.1299631670899009
-2 -2.0 -1 -1 -1.0234912292677083
5 0.22881215065717697 9 12 0.009134137494407604
13 0.21575763076543808 10 11 0.03692320618491743
-2 -2.0 -1 -1 0.8623381599287093
-2 -2.0 -1 -1 1.1375659352813645
15 0.011534163262695074 13 14 0.0017471698678163826
-2 -2.0 -1 -1 0.9793622468151597
-2 -2.0 -1 -1 -0.7094632548348451
tree 15
3 0.3748456835746765 1 8 -1.3556295550116306e-06
28 0.4441485106945038 2 5 -0.0036960015999386907
10 0.0013636914663948119 3 4 -0.002808213073441351
-2 -2.0 -1 -1 -0.4459578776992705
-2 -2.0 -1 -1 0.32709538988588355
23 0.007042253389954567 6 7 -0.02564031287028325
-2 -2.0 -1 -1 -1.0736288938789567
-2 -2.0 -1 -1 -1.2766913666295652
0 137.5 9 12 0.0010375369715929638
29 0.03279569931328297 10 11 -0.0009106570010213994
-2 -2.0 -1 -1 -0.24095444689365664
-2 -2.0 -1 -1 0.3247857612259304
32 0.5162545442581177 13 14 0.004780749960743906
-2 -2.0 -1 -1 0.172884646636824
-2 -2.0 -1 -1 0.8429667583278754
tree 15
1 34.5 1 8 -1.4172403394112356e-06
0 235.5 2 5 0.0006800431765817184
12 0.06865715980529785 3 4 -0.0006701569555609412
-2 -2.0 -1 -1 -0.13699865311722184
-2 -2.0 -1 -1 0.37397620636247364
4 0.5729483366012573 6 7 0.007334600970713407
-2 -2.0 -1 -1 -0.8431409964393992
-2 -2.0 -1 -1 0.6360546414859709
0 943.0 9 12 -0.005511356635206682
0 933.5 10 11 -0.01006237542213562
-2 -2.0 -1 -1 -0.6319499115982808
-2 -2.0 -1 -1 -1.482752407478241
5 0.3696146607398987 13 14 0.00870125121577629
-2 -2.0 -1 -1 1.0277665700893015
-2 -2.0 -1 -1 -0.21098172686156502
tree 13
24 0.9759001135826111 1 8 3.796002316910178e-07
11 0.5044594258069992 2 5 -0.00010970915459339398
8 0.05625542998313904 3 4 -6.96783439872102e-05
-2 -2.0 -1 -1 -0.33489957269133824
-2 -2.0 -1 -1 0.06949430875807204
9 0.48148149251937866 6 7 -0.09123984949956603
-2 -2.0 -1 -1 -1.0208541628462975
-2 -2.0 -1 -1 -1.1933908318314452
26 0.02039337530732155 9 12 0.03343066481544897
17 0.68225958943367 10 11 0.00818874025258751
-2 -2.0 -1 -1 -1.026190113452396
-2 -2.0 -1 -1 1.0353809582650804
-2 -2.0 -1 -1 1.2461108482823045
tree 15
7 0.6803691387176514 1 8 -3.310549745056873e-08
9 0.30160242319107056 2 5 -0.0017913537891856247
25 0.02309175208210945 3 4 -0.0038673664227818717
-2 -2.0 -1 -1 -0.1833187650743377
-2 -2.0 -1 -1 -0.6504721128020509
0 733.5 6 7 0.003772106896579938
-2 -2.0 -1 -1 0.3095988112121855
-2 -2.0 -1 -1 -1.7337230850524565
26 0.711482048034668 9 12 0.002005647845533734
8 0.2751869410276413 10 11 0.0011721463297021495
-2 -2.0 -1 -1 0.07326133011389055
-2 -2.0 -1 -1 -1.3555306534435443
13 0.1774509772658348 13 14 0.031630269518395406
-2 -2.0 -1 -1 0.5905245512181401
-2 -2.0 -1 -1 1.4764577004301092
tree 15
20 0.03207765892148018 1 8 -9.80031097531192e-07
20 0.017790705896914005 2 5 0.0005579035481844634
5 0.07639112696051598 3 4 -0.00011565940848802548
-2 -2.0 -1 -1 0.6973423344166928
-2 -2.0 -1 -1 -0.041390418241787505
7 0.6864086091518402 6 7 0.014706270706499757
-2 -2.0 -1 -1 -0.49001867801071575
-2 -2.0 -1 -1 0.9949788353940777
0 762.0 9 12 -0.006007900969344363
20 0.03397309593856335 10 11 -0.005049524984308453
-2 -2.0 -1 -1 -1.3813368550977791
-2 -2.0 -1 -1 -0.4520316179254174
32 0.0010869564721360803 13 14 -0.19145365407379306
-2 -2.0 -1 -1 -1.0009796268040365
-2 -2.0 -1 -1 -1.617936155653862
tree 15
19 -0.2620951682329178 1 8 1.487943758277807e-06
24 0.31555555760860443 2 5 -0.0028493308989347016
23 0.0018637844477780163 3 4 -0.001962926205998376
-2 -2.0 -1 -1 -1.005686083778075
-2 -2.0 -1 -1 -1.0140173275399016
14 0.016757615841925144 6 7 -0.010991885636373025
-2 -2.0 -1 -1 -1.0952498945995943
-2 -2.0 -1 -1 -1.0251149505536234
19 -0.2611539512872696 9 12 0.0011519719607418649
17 0.35831721127033234 10 11 0.17343028972249472
-2 -2.0 -1 -1 -1.0004191601875647
-2 -2.0 -1 -1 1.3519998122393742
26 0.6813346147537231 13 14 0.0009930924792523887
-2 -2.0 -1 -1 0.02291785260716831
-2 -2.0 -1 -1 0.5006122695314275
tree 15
24 0.07185886427760124 1 8 -2.0429064845693846e-06
5 0.13636112958192825 2 5 -0.0012025634850814835
5 0.05294126272201538 3 4 -0.011063867474524584
-2 -2.0 -1 -1 -1.0803201663116904
-2 -2.0 -1 -1 -1.0421302184685814
18 0.36266857385635376 6 7 -0.0004349772806006955
-2 -2.0 -1 -1 0.030070648607437772
-2 -2.0 -1 -1 -0.6057876767518965
33 0.29944607615470886 9 12 0.0027190798631586276
34 0.3051397353410721 10 11 0.0023975305658011734
-2 -2.0 -1 -1 0.15687878147811504
-2 -2.0 -1 -1 -1.0091898852580783
7 0.8720191717147827 13 14 0.15234668623349004
-2 -2.0 -1 -1 1.3074863392212979
-2 -2.0 -1 -1 -1.0134867193062551
tree 15
25 0.5098893940448761 1 8 -5.02467527877904e-06
19 0.1524464339017868 2 5 0.0002511990692653467
19 0.15111416578292847 3 4 -0.0003176818879837941
-2 -2.0 -1 -1 -0.015352475064923973
-2 -2.0 -1 -1 -1.1886176414507172
18 -0.27657827734947205 6 7 0.006473998233627941
-2 -2.0 -1 -1 1.2630280398489055
-2 -2.0 -1 -1 0.1517143435721727
19 0.18231870234012604 9 12 -0.012339580635752492
32 0.05256410501897335 10 11 -0.009331991093230954
-2 -2.0 -1 -1 -0.6628622902453203
-2 -2.0 -1 -1 -1.0544480622138221
28 0.02777777798473835 13 14 -0.07925844795685663
-2 -2.0 -1 -1 -1.0259743981316907
-2 -2.0 -1 -1 -1.1668444591397895
tree 11
11 0.5044594258069992 1 8 -4.956243086388909e-06
13 0.0008624767942819744 2 5 3.261454849421118e-05
2 102.0 3 4 -0.0022925730103859464
-2 -2.0 -1 -1 -0.202036508436375
-2 -2.0 -1 -1 1.1315735340333992
19 0.19289587438106537 6 7 0.0014147417431793479
-2 -2.0 -1 -1 0.04967493902640322
-2 -2.0 -1 -1 0.7009944449701725
23 0.1111111119389534 9 10 -0.0858166442131814
-2 -2.0 -1 -1 -1.0177934965858895
-2 -2.0 -1 -1 -1.1822439238264297
tree 15
17 0.84988734126091 1 8 -4.164179898691686e-06
17 0.8173823952674866 2 5 0.00023008200290030304
8 0.11612081155180931 3 4 -0.00017678638963796215
-2 -2.0 -1 -1 -0.14442122040626199
-2 -2.0 -1 -1 0.13942928182109787
6 0.2745349109172821 6 7 0.01809974180318085
-2 -2.0 -1 -1 0.4648065654929825
-2 -2.0 -1 -1 1.3888772658749746
2 5.5 9 12 -0.013494341784168836
1 6.5 10 11 -0.11531679849862546
-2 -2.0 -1 -1 -1.047558942332262
-2 -2.0 -1 -1 -1.17795128465194
23 0.7651503384113312 13 14 -0.009421443515590568
-2 -2.0 -1 -1 -0.5041002841621397
-2 -2.0 -1 -1 -1.1260943894344826
tree 15
3 0.5919871628284454 1 8 -3.7031337461683634e-06
34 0.45199692249298096 2 5 -0.001655620594754865
34 0.13899700343608856 3 4 -0.002614445454895773
-2 -2.0 -1 -1 -0.14030834188194186
-2 -2.0 -1 -1 -0.7288311911624168
16 0.00048449612222611904 6 7 0.008434654230595983
-2 -2.0 -1 -1 0.4271604116678559
-2 -2.0 -1 -1 1.1800483150363215
2 22.5 9 12 0.0018936331884184998
8 0.14438538253307343 10 11 0.0005966153778280133
-2 -2.0 -1 -1 -0.06955956219992314
-2 -2.0 -1 -1 0.4709540768252036
6 0.018112939782440662 13 14 0.012386174707426164
-2 -2.0 -1 -1 -1.1733995319173678
-2 -2.0 -1 -1 0.90344797015857
tree 13
24 0.9759001135826111 1 8 -1.0026688232816095e-06
23 0.001511349924840033 2 5 -0.00010086382401001381
5 0.06984283402562141 3 4 -0.0014227881692160879
-2 -2.0 -1 -1 0.899631682346928
-2 -2.0 -1 -1 -0.16363057900355937
28 0.5388791114091873 6 7 0.0021677696080132903
-2 -2.0 -1 -1 0.12590492956704655
-2 -2.0 -1 -1 -1.2263746066452803
15 0.02849702350795269 9 10 0.030323501456213726
-2 -2.0 -1 -1 1.2184232059417246
19 0.062259616330266 11 12 0.007409100261029157
-2 -2.0 -1 -1 -1.023908353725815
-2 -2.0 -1 -1 1.0318394610016532
tree 13
32 0.021095422096550465 1 6 -3.3933374517314745e-07
3 0.07547088339924812 2 3 0.0010602994474371479
-2 -2.0 -1 -1 1.1320315565446863
5 0.56161168217659 4 5 0.00099055165029073
-2 -2.0 -1 -1 0.164034191757179
-2 -2.0 -1 -1 -0.35551534242221716
29 0.5330214500427246 7 10 -0.0028050268922783193
6 0.1944824382662773 8 9 -0.00236025393787786
-2 -2.0 -1 -1 -0.3251524868782875
-2 -2.0 -1 -1 0.5927843396785325
23 0.028602725826203823 11 12 -0.06433195225100824
-2 -2.0 -1 -1 -1.085963720545973
-2 -2.0 -1 -1 -1.2764852267969378
tree 13
15 0.009858452714979649 1 6 -1.1110501104702777e-06
15 0.009843223728239536 2 5 0.004145644180753459
13 0.12348996847867966 3 4 0.003490201792010972
-2 -2.0 -1 -1 0.20053956345228516
-2 -2.0 -1 -1 0.6579883280591653
-2 -2.0 -1 -1 1.2925584799330025
18 0.17466085404157639 7 10 -0.0007259937125751192
29 0.8217122554779053 8 9 -0.0021989973643386984
-2 -2.0 -1 -1 -0.21255116348416886
-2 -2.0 -1 -1 0.6326525235215971
17 0.787842869758606 11 12 0.0031163868706894356
-2 -2.0 -1 -1 0.09875914953178155
-2 -2.0 -1 -1 0.8488675962031853
tree 13
14 0.1778116524219513 1 8 -3.751242492653439e-08
14 0.1776377186179161 2 5 0.000509535433129629
12 0.25796078145504 3 4 0.00036690758664969424
-2 -2.0 -1 -1 0.005149493264456955
-2 -2.0 -1 -1 0.7568546308570714
12 0.03365384787321091 6 7 0.1991901255796816
-2 -2.0 -1 -1 1.4280075597191586
-2 -2.0 -1 -1 -1.0018803426398364
10 0.1456954926252365 9 12 -0.005492393332809309
17 0.5305535793304443 10 11 -0.006229986829628994
-2 -2.0 -1 -1 -0.39023624288438574
-2 -2.0 -1 -1 -0.8867043315373848
-2 -2.0 -1 -1 1.158564834533137
tree 15
7 0.6881526112556458 1 8 -1.0783977229318726e-07
16 0.001329090737272054 2 5 -0.0015052572051891908
16 0.00048449612222611904 3 4 -0.0011768174248513066
-2 -2.0 -1 -1 -0.12534365754242768
-2 -2.0 -1 -1 1.1611194461579473
19 -0.12432938069105148 6 7 -0.026692482859850753
-2 -2.0 -1 -1 -1.065583100109521
-2 -2.0 -1 -1 -1.5446422537639857
7 0.6882952749729156 9 12 0.0017953822381674418
8 0.09996949508786201 10 11 0.11548732204052055
-2 -2.0 -1 -1 1.2888109026651315
-2 -2.0 -1 -1 1.0069313738518013
26 0.711482048034668 13 14 0.0015767438923936885
-2 -2.0 -1 -1 0.04892595816781378
-2 -2.0 -1 -1 0.6910979195920575
tree 15
24 0.06373307481408119 1 8 1.9293570877958755e-07
24 0.02312746550887823 2 5 -0.00115131578457194
0 280.5 3 4 -0.00045086575816350425
-2 -2.0 -1 -1 -0.1729752638135998
-2 -2.0 -1 -1 0.35726125383410245
5 0.6455338597297668 6 7 -0.011545431000572483
-2 -2.0 -1 -1 -0.4355414449285091
-2 -2.0 -1 -1 -1.4221597855432209
30 0.013490763492882252 9 12 0.0025598230388997763
34 0.18882689625024796 10 11 -0.00022282050066478807
-2 -2.0 -1 -1 0.04901677947190462
-2 -2.0 -1 -1 -0.976718598599652
14 0.08552631735801697 13 14 0.012799583918815584
-2 -2.0 -1 -1 0.3807412306342975
-2 -2.0 -1 -1 0.9233148498365252
tree 15
23 0.37235476076602936 1 8 7.697556221343947e-07
11 0.12297972291707993 2 5 -0.0006708448988206136
29 0.8217122554779053 3 4 -9.627767718318937e-05
-2 -2.0 -1 -1 -0.03738608559589969
-2 -2.0 -1 -1 0.7069228463404273
15 0.13588935881853104 6 7 -0.010306492494118519
-2 -2.0 -1 -1 -0.370410079007884
-2 -2.0 -1 -1 -1.1685920052942482
0 24.5 9 12 0.004240001454464765
5 0.4809725731611252 10 11 0.049259087432597846
-2 -2.0 -1 -1 0.572955018439218
-2 -2.0 -1 -1 1.0844026764852914
22 0.04980899579823017 13 14 0.001970131573214359
-2 -2.0 -1 -1 0.7912766975893128
-2 -2.0 -1 -1 -0.4723037967842627
tree 15
14 0.023580918088555336 1 8 2.938444637688832e-06
17 0.09548163041472435 2 5 0.0034403652026753196
11 0.024388322606682777 3 4 -0.064784731900117
-2 -2.0 -1 -1 -1.1138427838228637
-2 -2.0 -1 -1 -1.0491765572936347
31 0.0146256685256958 6 7 0.0039335586757075535
-2 -2.0 -1 -1 0.17258997428775222
-2 -2.0 -1 -1 0.7033302992762726
24 0.4118492603302002 9 12 -0.0007666621899952655
28 0.00913261016830802 10 11 -0.0014999063041223571
-2 -2.0 -1 -1 -0.2799086501459278
-2 -2.0 -1 -1 0.08368605337742427
34 0.15576592087745667 13 14 0.005194307686465814
-2 -2.0 -1 -1 0.3713637947781518
-2 -2.0 -1 -1 -1.1944071007424863
tree 15
3 0.32706448435783386 1 8 2.8591753324123445e-06
15 0.03204076364636421 2 5 -0.0037753410642764095
24 0.1203688383102417 3 4 -0.011179913252412788
-2 -2.0 -1 -1 -0.7954466294950568
-2 -2.0 -1 -1 -0.7852250549480639
15 0.03531396761536598 6 7 0.0002348110376140715
-2 -2.0 -1 -1 1.2584063367784675
-2 -2.0 -1 -1 -0.3263906161610843
23 0.001011123415082693 9 12 0.0007129290410036383
4 1.1380952596664429 10 11 -0.0010282091373723036
-2 -2.0 -1 -1 0.11897673360821227
-2 -2.0 -1 -1 -0.47688107178897904
18 -0.4736565202474594 13 14 0.0034521644895255175
-2 -2.0 -1 -1 -1.1000719327864863
-2 -2.0 -1 -1 0.22213209456982033
tree 15
19 -0.16925325989723206 1 8 2.0138692193741473e-07
24 0.25819891691207886 2 5 -0.0022071050644527
24 0.23646138608455658 3 4 -0.00141658290188722
-2 -2.0 -1 -1 -1.0085851103214234
-2 -2.0 -1 -1 1.1870421563393279
30 0.01008748123422265 6 7 -0.007465627488969138
-2 -2.0 -1 -1 -1.0133267344879335
-2 -2.0 -1 -1 -1.0646849603112538
13 0.044725026935338974 9 12 0.0011453012109816892
8 0.10990184172987938 10 11 -0.00031720297605946225
-2 -2.0 -1 -1 -0.2654542104709729
-2 -2.0 -1 -1 0.22192040644216757
28 0.9684248864650726 13 14 0.007817131772197134
-2 -2.0 -1 -1 0.24473741395800852
-2 -2.0 -1 -1 1.0225340542973262
tree 15
3 0.6098822951316833 1 8 -3.3656435925365896e-06
3 0.606990247964859 2 5 -0.0013888736940535294
34 0.8073548078536987 3 4 -0.0012265204770227545
-2 -2.0 -1 -1 -0.13664899174330475
-2 -2.0 -1 -1 0.8240593275723122
1 15.0 6 7 -0.06113485756137823
-2 -2.0 -1 -1 -1.0336967362746075
-2 -2.0 -1 -1 -1.142674707488283
2 22.5 9 12 0.0017977250933680817
34 0.04889572039246559 10 11 0.0006596715134078831
-2 -2.0 -1 -1 0.17061511780629396
-2 -2.0 -1 -1 -0.38835785552812163
31 0.0368586890399456 13 14 0.013508037782617643
-2 -2.0 -1 -1 0.6516870787400415
-2 -2.0 -1 -1 1.040030815450378
tree 13
31 0.07679487392306328 1 6 -9.547145910439447e-07
3 0.07547088339924812 2 3 0.0006902622383256325
-2 -2.0 -1 -1 1.1298160893019789
31 0.016597796231508255 4 5 0.0006308552510428553
-2 -2.0 -1 -1 -0.042066709176978516
-2 -2.0 -1 -1 0.37859671489926056
8 0.20364629477262497 7 10 -0.0036788407697368997
14 0.016911765560507774 8 9 -0.0026877473862025056
-2 -2.0 -1 -1 0.7768521944358567
-2 -2.0 -1 -1 -0.41486488668062776
14 0.030582922510802746 11 12 -0.04249666495816737
-2 -2.0 -1 -1 -1.4877212753814433
-2 -2.0 -1 -1 -1.066842565565709
tree 13
7 0.5201227068901062 1 8 -9.322493957889351e-07
25 0.3651515245437622 2 5 -0.0030004923896493167
25 0.3048611134290695 3 4 -0.002160732183382139
-2 -2.0 -1 -1 -0.4400729770846097
-2 -2.0 -1 -1 1.141438691466947
24 0.3333333432674408 6 7 -0.027852145993868718
-2 -2.0 -1 -1 -1.0679417049416282
-2 -2.0 -1 -1 -1.2375628108065202
7 0.5204004943370819 9 10 0.0008168258618011438
-2 -2.0 -1 -1 1.3096689047865309
23 0.04051804728806019 11 12 0.0006855183042355635
-2 -2.0 -1 -1 -0.05804286352729486
-2 -2.0 -1 -1 0.2868032830108043
tree 15
14 0.11211215332150459 1 8 -1.0923279111958288e-06
14 0.11138392612338066 2 5 0.0009128184897702502
13 0.18930934369564056 3 4 0.000591391525928972
-2 -2.0 -1 -1 0.005853683440996957
-2 -2.0 -1 -1 0.9185152050751678
9 0.005520504899322987 6 7 0.061448230013211105
-2 -2.0 -1 -1 1.656167006694896
-2 -2.0 -1 -1 0.8207173550582821
29 0.8152187466621399 9 12 -0.002681477927445073
11 0.24407679587602615 10 11 -0.0034978841892145764
-2 -2.0 -1 -1 -0.37908131157961694
-2 -2.0 -1 -1 0.7964875010588824
7 0.8034679293632507 13 14 0.02614786819129061
-2 -2.0 -1 -1 -1.0215691979061947
-2 -2.0 -1 -1 1.0544059033959032
tree 15
24 0.07185886427760124 1 8 7.669139804357906e-07
8 0.2580610364675522 2 5 -0.0010414244027257397
8 0.20355886220932007 3 4 -0.0012433290047200935
-2 -2.0 -1 -1 -0.07881185333383968
-2 -2.0 -1 -1 -0.8613046834254746
18 0.2438194453716278 6 7 0.026593170687632072
-2 -2.0 -1 -1 0.7585473511014839
-2 -2.0 -1 -1 1.1413914480162886
33 0.29944607615470886 9 12 0.0023630175682157984
9 0.991990327835083 10 11 0.002094735108064077
-2 -2.0 -1 -1 0.04682069809623246
-2 -2.0 -1 -1 1.0606360896037577
4 1.800000011920929 13 14 0.1272037890254836
-2 -2.0 -1 -1 1.2437939377668072
-2 -2.0 -1 -1 -1.0105146442675894
tree 15
8 0.05625542998313904 1 8 2.6397763240880556e-06
13 0.12369947507977486 2 5 -0.0024022573990008446
3 0.07547088339924812 3 4 -0.0036783394811548075
-2 -2.0 -1 -1 1.116009721127429
-2 -2.0 -1 -1 -0.5712683221256253
13 0.12443693727254868 6 7 0.0171643345273597
-2 -2.0 -1 -1 1.5604162575074263
-2 -2.0 -1 -1 0.41667910075395775
29 0.977477490901947 9 12 0.0010343842805598026
14 0.0701957456767559 10 11 0.0008420874236944061
-2 -2.0 -1 -1 0.2525668796845269
-2 -2.0 -1 -1 -0.1584950449929065
19 0.06042834371328354 13 14 0.048147114212581124
-2 -2.0 -1 -1 0.8185657752949702
-2 -2.0 -1 -1 1.2736452622163328
tree 15
21 0.13846153765916824 1 8 2.04874057584899e-06
23 0.830952376127243 2 5 0.00024396091637944592
0 83.5 3 4 -5.6203022575062236e-06
-2 -2.0 -1 -1 -0.20459513868824136
-2 -2.0 -1 -1 0.12617895083068909
7 0.9274951815605164 6 7 0.0168562380901996
-2 -2.0 -1 -1 0.7389144979791422
-2 -2.0 -1 -1 -1.0887052805034725
23 0.8267448246479034 9 12 -0.00971584668202099
0 121.5 10 11 -0.004134984109007253
-2 -2.0 -1 -1 -1.010737437474459
-2 -2.0 -1 -1 -1.0440608254975718
31 0.010261384304612875 13 14 -0.03510877138923348
-2 -2.0 -1 -1 -1.038489837745203
-2 -2.0 -1 -1 -1.0754585513225676
tree 15
1 34.5 1 8 9.458218592028485e-07
0 905.5 2 5 0.0005411492009226472
0 217.5 3 4 0.0006111462164319313
-2 -2.0 -1 -1 -0.047183671330998905
-2 -2.0 -1 -1 0.43885537362837923
7 0.836743950843811 6 7 -0.0942814744756596
-2 -2.0 -1 -1 -1.0352472674583701
-2 -2.0 -1 -1 -1.2843790485888902
5 0.3936958760023117 9 12 -0.004366861618798913
5 0.39278000593185425 10 11 0.0022267230174420082
-2 -2.0 -1 -1 0.06635501196789215
-2 -2.0 -1 -1 1.1978440888181325
9 0.31163160502910614 13 14 -0.010779445892476354
-2 -2.0 -1 -1 -0.7498241329393366
-2 -2.0 -1 -1 -1.5182022539245597
tree 15
22 0.047982022166252136 1 8 3.98620325052574e-07
23 0.2958274781703949 2 5 0.0005672555385448816
23 0.29060544073581696 3 4 -0.00037166717440092735
-2 -2.0 -1 -1 -0.023479668412315163
-2 -2.0 -1 -1 -1.1699251266765078
11 0.13824468851089478 6 7 0.010456882738512746
-2 -2.0 -1 -1 0.6171724475641359
-2 -2.0 -1 -1 1.0808849788811292
2 4.5 9 12 -0.0041860217390048944
23 0.4375 10 11 0.05739598306662515
-2 -2.0 -1 -1 -1.0204686075387992
-2 -2.0 -1 -1 1.0884984840703043
22 0.048448819667100906 13 14 -0.005103444529405347
-2 -2.0 -1 -1 -1.2143673873295038
-2 -2.0 -1 -1 -0.3962965264289078
tree 13
26 0.6813346147537231 1 8 2.268378620338133e-06
9 0.0028109975391998887 2 5 -0.00030607993388228683
8 0.1467759758234024 3 4 -0.0032698272102735524
-2 -2.0 -1 -1 -0.37618989983728035
-2 -2.0 -1 -1 -1.083815000800826
15 0.009936179500073195 6 7 0.000781211966332262
-2 -2.0 -1 -1 0.7855653908051363
-2 -2.0 -1 -1 -0.027228385038741577
13 0.18998983502388 9 12 0.007479289061349664
26 0.6835016906261444 10 11 0.004725329689613993
-2 -2.0 -1 -1 1.3666110214808613
-2 -2.0 -1 -1 0.09783208418979215
-2 -2.0 -1 -1 1.3404082813849711
tree 15
29 0.8217122554779053 1 8 3.233005375663581e-06
7 0.9065187275409698 2 5 -0.00020627388105468722
18 0.17466085404157639 3 4 0.00025370477971007385
-2 -2.0 -1 -1 -0.08836472408474089
-2 -2.0 -1 -1 0.26846722254827715
18 0.4167647212743759 6 7 -0.007016873418082244
-2 -2.0 -1 -1 -0.5188637386416438
-2 -2.0 -1 -1 -1.0669694776069643
28 0.1582818478345871 9 12 0.011614052921250314
2 8.5 10 11 0.005486816822030752
-2 -2.0 -1 -1 -1.0216904267255695
-2 -2.0 -1 -1 0.6082956377734594
18 -0.3607678860425949 13 14 0.129563347831227
-2 -2.0 -1 -1 1.2184353301645734
-2 -2.0 -1 -1 1.0867810061485965
tree 13
3 0.47187672555446625 1 8 2.2115290463867333e-06
3 0.4675625264644623 2 5 -0.002022048477443692
29 0.9985294044017792 3 4 -0.0015036583222814033
-2 -2.0 -1 -1 -0.14223906763223143
-2 -2.0 -1 -1 1.0420554886194169
14 0.08492975682020187 6 7 -0.02994599816885234
-2 -2.0 -1 -1 -0.30634643412423995
-2 -2.0 -1 -1 -1.3930262285184385
12 0.37376542389392853 9 12 0.0011417231469269121
24 0.04193710535764694 10 11 0.0010635081197730243
-2 -2.0 -1 -1 -0.0550121801870296
-2 -2.0 -1 -1 0.31306354075942183
-2 -2.0 -1 -1 1.1304721778069142
tree 15
7 0.6881526112556458 1 8 2.2571299846350666e-06
8 0.22572258859872818 2 5 -0.0013582977246198256
0 914.5 3 4 -0.002044959848725853
-2 -2.0 -1 -1 -0.2754140984191746
-2 -2.0 -1 -1 0.8258028871917111
27 0.21904762089252472 6 7 0.008300749487804937
-2 -2.0 -1 -1 0.7147262869115851
-2 -2.0 -1 -1 1.1304341499591934
7 0.6894480586051941 9 12 0.0016252606657555964
12 0.0328783867880702 10 11 0.06312401836409637
-2 -2.0 -1 -1 0.7728024315859601
-2 -2.0 -1 -1 1.170428448164675
26 0.6867102980613708 13 14 0.001358519066100144
-2 -2.0 -1 -1 0.041546313840022234
-2 -2.0 -1 -1 0.671458183334963
tree 15
18 -0.41097357869148254 1 8 3.868257590656395e-06
24 0.024814720265567303 2 5 -0.005946517284229814
26 0.736535906791687 3 4 -0.00046445372562199086
-2 -2.0 -1 -1 -0.2702687750690117
-2 -2.0 -1 -1 1.0643500821338439
18 -0.4916923940181732 6 7 -0.01729761359381777
-2 -2.0 -1 -1 -1.1396478041504141
-2 -2.0 -1 -1 -0.7480305646660541
18 -0.4098864942789078 9 12 0.0003642884540202578
20 0.014757575976545922 10 11 0.06730548602859551
-2 -2.0 -1 -1 0.8250756572347546
-2 -2.0 -1 -1 1.193638506554791
24 0.05114428885281086 13 14 0.00028652219289737715
-2 -2.0 -1 -1 -0.09213510057656447
-2 -2.0 -1 -1 0.1898188914618644
tree 13
34 0.7784520089626312 1 6 3.2964191828502367e-06
12 0.52130326628685 2 5 -0.00030800204287217145
34 0.06878991797566414 3 4 -0.00026672896436419726
-2 -2.0 -1 -1 0.03631657110120716
-2 -2.0 -1 -1 -0.2744088170397791
-2 -2.0 -1 -1 -1.099368023317349
5 0.22881215065717697 7 10 0.006700047078267962
13 0.21575763076543808 8 9 0.028316930595327108
-2 -2.0 -1 -1 0.8618983543813437
-2 -2.0 -1 -1 1.10785667150094
15 0.02560524456202984 11 12 0.0010608600738177478
-2 -2.0 -1 -1 0.7837840274642126
-2 -2.0 -1 -1 -1.019401227427231
tree 11
11 0.5044594258069992 1 8 3.559547502651756e-06
4 0.6324561238288879 2 5 3.382500590334006e-05
26 0.8704212605953217 3 4 -0.0029158655848402215
-2 -2.0 -1 -1 -0.2833846039590124
-2 -2.0 -1 -1 0.9307846472937861
19 -0.16925325989723206 6 7 0.0007396381098197345
-2 -2.0 -1 -1 -1.018686956691548
-2 -2.0 -1 -1 0.13618507846481556
4 1.1166666448116302 9 10 -0.06912274743966385
-2 -2.0 -1 -1 -1.0141535775747044
-2 -2.0 -1 -1 -1.1419298244977385
tree 13
24 0.977225661277771 1 8 7.399460865796068e-08
8 0.05625542998313904 2 5 -7.618484772140145e-05
13 0.12369947507977486 3 4 -0.002395903820701836
-2 -2.0 -1 -1 -0.55994860538226
-2 -2.0 -1 -1 0.6265934999534579
29 0.977477490901947 6 7 0.0009126906581312889
-2 -2.0 -1 -1 0.05398836059001823
-2 -2.0 -1 -1 1.0848691597771132
15 0.02849702350795269 9 10 0.026731731263691716
-2 -2.0 -1 -1 1.183654483015609
13 0.15243465453386307 11 12 0.003381343791083702
-2 -2.0 -1 -1 -1.0200073147793758
-2 -2.0 -1 -1 1.0237619489760268
tree 13
7 0.5708322823047638 1 6 -5.176076130080253e-07
7 0.5707333981990814 2 5 -0.0021541746326519326
5 0.7308396697044373 3 4 -0.0019801909370271023
-2 -2.0 -1 -1 -0.354155952142209
-2 -2.0 -1 -1 1.26231448156224
-2 -2.0 -1 -1 -1.3130666456316018
5 0.07498693838715553 7 10 0.0009109803360269585
25 0.2997695952653885 8 9 0.015152795661586246
-2 -2.0 -1 -1 0.7080985013523422
-2 -2.0 -1 -1 1.1207953231945607
23 0.04051804728806019 11 12 0.00043900254370630044
-2 -2.0 -1 -1 -0.0762398129459051
-2 -2.0 -1 -1 0.2863807279088813
tree 15
5 0.5925029814243317 1 8 5.419256056473029e-07
13 0.12369947507977486 2 5 0.0005847971845693778
14 0.04963330179452896 3 4 -1.9093462495956126e-05
-2 -2.0 -1 -1 0.2551849163205767
-2 -2.0 -1 -1 -0.1701728621224624
13 0.12390274927020073 6 7 0.008713748980195992
-2 -2.0 -1 -1 1.4853615475578164
-2 -2.0 -1 -1 0.396568609135441
26 0.6909814476966858 9 12 -0.0033417418352309895
26 0.6742424368858337 10 11 -0.0027620843386872733
-2 -2.0 -1 -1 -0.44179929640357035
-2 -2.0 -1 -1 1.2310306641829405
14 0.06822916679084301 13 14 -0.05203297154490337
-2 -2.0 -1 -1 -1.0942356848581605
-2 -2.0 -1 -1 -1.0370596340185188
tree 15
29 0.8217122554779053 1 8 6.659111049508821e-07
7 0.9065187275409698 2 5 -0.00019340686259576521
0 83.5 3 4 0.00022590215087774185
-2 -2.0 -1 -1 -0.1912392996907066
-2 -2.0 -1 -1 0.14275191587760755
29 0.6004835069179535 6 7 -0.006401837854342566
-2 -2.0 -1 -1 -0.6108706792771266
-2 -2.0 -1 -1 -1.0948051687568985
28 0.1582818478345871 9 12 0.010756131110395108
8 0.09206323698163033 10 11 0.005397270144926027
-2 -2.0 -1 -1 -0.15725822487107566
-2 -2.0 -1 -1 0.9945868032137144
20 0.0275699095800519 13 14 0.11391420469567509
-2 -2.0 -1 -1 1.0788275091725659
-2 -2.0 -1 -1 1.1830968348346493
tree 13
3 0.3648899346590042 1 6 5.336474588352699e-07
3 0.36474287509918213 2 5 -0.0026960500050956246
6 0.291252538561821 3 4 -0.0023977803866653173
-2 -2.0 -1 -1 -0.33126332736821146
-2 -2.0 -1 -1 0.6719237876060343
-2 -2.0 -1 -1 -1.4053595949362678
0 137.5 7 10 0.0007166853292089664
22 0.47008273005485535 8 9 -0.0007087658760533272
-2 -2.0 -1 -1 -0.01815632435172242
-2 -2.0 -1 -1 -1.049991944718083
31 0.6113839745521545 11 12 0.0034422859805613047
-2 -2.0 -1 -1 0.2054210538594273
-2 -2.0 -1 -1 0.886162754834034
tree 15
1 34.5 1 8 -3.3763613259709687e-07
0 905.5 2 5 0.00048141417314520363
0 237.0 3 4 0.0005413700942975616
-2 -2.0 -1 -1 -0.038482267364632346
-2 -2.0 -1 -1 0.43827684629664304
4 0.562217190861702 6 7 -0.08073887368124963
-2 -2.0 -1 -1 -1.0308694334745725
-2 -2.0 -1 -1 -1.23377319529418
5 0.3936958760023117 9 12 -0.0038955356646272685
5 0.39278000593185425 10 11 0.001971788962773263
-2 -2.0 -1 -1 0.05839038873576218
-2 -2.0 -1 -1 1.1793870567533606
9 0.31163160502910614 13 14 -0.009601796478726603
-2 -2.0 -1 -1 -0.74163222674245
-2 -2.0 -1 -1 -1.4815556205588027
tree 15
32 0.02158385142683983 1 8 -7.188695316287829e-07
19 0.17679687589406967 2 5 0.0008466778032674741
3 0.07547088339924812 3 4 0.00023748125930761192
-2 -2.0 -1 -1 1.1104112853923866
-2 -2.0 -1 -1 0.015641793470469425
17 0.7972115278244019 6 7 0.010575173632830613
-2 -2.0 -1 -1 1.4775226255477032
-2 -2.0 -1 -1 0.37989338693047314
29 0.5330214500427246 9 12 -0.00226634695130799
6 0.1944824382662773 10 11 -0.0019276100829418042
-2 -2.0 -1 -1 -0.3212967856572461
-2 -2.0 -1 -1 0.5492221709708004
32 0.02654711715877056 13 14 -0.04874857277711258
-2 -2.0 -1 -1 -1.1861989540746658
-2 -2.0 -1 -1 -1.0675252146197338
tree 15
17 0.84988734126091 1 8 -5.244715738800646e-07
19 0.1973823979496956 2 5 0.00017949257106936612
17 0.8047960102558136 3 4 -0.0001342396668955062
-2 -2.0 -1 -1 0.0017054856725815788
-2 -2.0 -1 -1 -0.8060083825590748
6 0.2745349109172821 6 7 0.013958612462486569
-2 -2.0 -1 -1 0.4735754585010391
-2 -2.0 -1 -1 1.210224246829471
2 5.5 9 12 -0.010367659799182692
13 0.0035714285913854837 10 11 -0.08506056989184878
-2 -2.0 -1 -1 -1.0361004479333975
-2 -2.0 -1 -1 -1.1238238793884314
23 0.7651503384113312 13 14 -0.007379943395476052
-2 -2.0 -1 -1 -0.5008092926991282
-2 -2.0 -1 -1 -1.0932126425436557
tree 15
7 0.6881526112556458 1 8 -5.699340856220403e-07
9 0.30160242319107056 2 5 -0.0012385513070014944
25 0.02309175208210945 3 4 -0.0027570529216589647
-2 -2.0 -1 -1 -0.13959814696299508
-2 -2.0 -1 -1 -0.6328092273895909
0 733.5 6 7 0.0028772679948163497
-2 -2.0 -1 -1 0.3025257530187158
-2 -2.0 -1 -1 -1.4154866321003177
31 0.37915530800819397 9 12 0.001476215907118246
7 0.6894480586051941 10 11 0.0022957815961269453
-2 -2.0 -1 -1 1.1174421751955574
-2 -2.0 -1 -1 0.1444796309729807
0 933.5 13 14 -0.01461486093747836
-2 -2.0 -1 -1 -0.6377718842523306
-2 -2.0 -1 -1 -1.2010388545691772
tree 15
18 -0.4760033041238785 1 8 -2.12288207948963e-06
23 0.009999999776482582 2 5 -0.010466672509147568
18 -0.47691844403743744 3 4 -0.0032339249746936565
-2 -2.0 -1 -1 -0.16604932832872288
-2 -2.0 -1 -1 -1.0773603151688829
18 -0.489987850189209 6 7 -0.04723313914262162
-2 -2.0 -1 -1 -1.1205335758422832
-2 -2.0 -1 -1 -1.0512133997515896
5 0.07639112696051598 9 12 0.00016774861509106698
24 0.059285515919327736 10 11 0.008741599946089947
-2 -2.0 -1 -1 -1.0503415593292202
-2 -2.0 -1 -1 1.051231585881716
4 1.1403940916061401 13 14 -9.152936330340182e-05
-2 -2.0 -1 -1 0.10551971729600408
-2 -2.0 -1 -1 -0.2529468249175745
tree 15
8 0.060155684128403664 1 8 -1.629402235669035e-06
13 0.12369947507977486 2 5 -0.0019919909388786123
5 0.07568519562482834 3 4 -0.0029633866776620737
-2 -2.0 -1 -1 0.9358441360674831
-2 -2.0 -1 -1 -0.6372860822617343
13 0.12443693727254868 6 7 0.012098469831216953
-2 -2.0 -1 -1 1.4327921968750108
-2 -2.0 -1 -1 0.3376599607638551
8 0.06093339994549751 9 12 0.00091592217571801
1 5.5 10 11 0.03294295010951582
-2 -2.0 -1 -1 1.235858810152599
-2 -2.0 -1 -1 0.9546126970582431
29 0.977477490901947 13 14 0.000709828044869892
-2 -2.0 -1 -1 0.042277752432470575
-2 -2.0 -1 -1 1.0434123890438787
tree 13
24 0.977225661277771 1 8 -1.5228732989375388e-06
4 0.6324561238288879 2 5 -7.320327664343873e-05
29 0.612432211637497 3 4 -0.0028292416478538384
-2 -2.0 -1 -1 -0.21689742309732235
-2 -2.0 -1 -1 -1.1409315612435973
2 95.5 6 7 0.0005826754555435518
-2 -2.0 -1 -1 0.0485714291527567
-2 -2.0 -1 -1 1.1026914999481576
19 0.15563920140266418 9 12 0.025125215437538487
7 0.7167763710021973 10 11 0.0030740413464598643
-2 -2.0 -1 -1 1.0200682718146268
-2 -2.0 -1 -1 -1.0159725679412204
-2 -2.0 -1 -1 1.1715180617009646
tree 15
29 0.8217122554779053 1 8 -1.3762917655536056e-06
14 0.0701957456767559 2 5 -0.00017964130414004762
25 0.020944003015756607 3 4 0.0012306579303036557
-2 -2.0 -1 -1 -0.12199899753280784
-2 -2.0 -1 -1 0.3527615560373086
25 0.019803921692073345 6 7 -0.0017683156667677676
-2 -2.0 -1 -1 0.01959962910312245
-2 -2.0 -1 -1 -0.4059967284235735
28 0.1582818478345871 9 12 0.009878026677976447
2 8.5 10 11 0.004968532899599702
-2 -2.0 -1 -1 -1.0169349210621146
-2 -2.0 -1 -1 0.5967934044754594
4 0.9230769276618958 13 14 0.10438578191172876
-2 -2.0 -1 -1 1.0686638983811751
-2 -2.0 -1 -1 1.1689336684079856
tree 11
13 0.4035008102655411 1 6 -1.0994770448879757e-06
13 0.39523810148239136 2 5 8.573770366985135e-05
8 0.060155684128403664 3 4 4.330456667901877e-05
-2 -2.0 -1 -1 -0.2994336405885491
-2 -2.0 -1 -1 0.07580918463242224
-2 -2.0 -1 -1 1.1069032690310705
5 0.3389814645051956 7 8 -0.01975655808964677
-2 -2.0 -1 -1 -1.1205067284422414
0 181.5 9 10 -0.01513602771169198
-2 -2.0 -1 -1 -1.0185955772044701
-2 -2.0 -1 -1 -1.0744611997768168
tree 13
7 0.5708322823047638 1 6 -1.5165898757703913e-06
7 0.5707333981990814 2 5 -0.0020139779628888595
25 0.4232194274663925 3 4 -0.0018642983962554357
-2 -2.0 -1 -1 -0.21900042307519388
-2 -2.0 -1 -1 -1.0996059383694456
-2 -2.0 -1 -1 -1.2583029583939336
7 0.5710307359695435 7 10 0.0008502227455103305
1 32.5 8 9 0.07749002388816599
-2 -2.0 -1 -1 -1.0003669038945533
-2 -2.0 -1 -1 1.1317574100630254
1 34.5 11 12 0.0007785521085315384
-2 -2.0 -1 -1 0.1254919628339866
-2 -2.0 -1 -1 -0.41746038674311775
tree 13
5 0.5925029814243317 1 8 -2.3265376456618162e-06
13 0.12369947507977486 2 5 0.0005427544333680586
0 42.5 3 4 1.710677815560282e-05
-2 -2.0 -1 -1 -0.3966113033840023
-2 -2.0 -1 -1 0.10806076523026933
13 0.12390274927020073 6 7 0.0076184799334583645
-2 -2.0 -1 -1 1.379007328091988
-2 -2.0 -1 -1 0.368868504431285
5 0.5926139056682587 9 10 -0.0031205103277094706
-2 -2.0 -1 -1 -1.14930660408281
26 0.6909814476966858 11 12 -0.002933780358598831
-2 -2.0 -1 -1 -0.3207077211125416
-2 -2.0 -1 -1 -1.0633282821894403
tree 13
3 0.47187672555446625 1 8 -2.695420084510752e-06
3 0.4675625264644623 2 5 -0.001769785887520513
29 0.9985294044017792 3 4 -0.0013145308580399602
-2 -2.0 -1 -1 -0.14042584249720658
-2 -2.0 -1 -1 1.0697595558081736
14 0.08492975682020187 6 7 -0.02629285680887292
-2 -2.0 -1 -1 -0.353089023275081
-2 -2.0 -1 -1 -1.3242638695512372
12 0.37376542389392853 9 12 0.000992048392979668
8 0.04958731681108475 10 11 0.0009262412455117591
-2 -2.0 -1 -1 -0.41169212443214
-2 -2.0 -1 -1 0.1827100940351173
-2 -2.0 -1 -1 1.1075868814511916
tree 15
22 0.047982022166252136 1 8 -2.854281179374594e-06
23 0.2958274781703949 2 5 0.00047574275928703263
23 0.29060544073581696 3 4 -0.0003622393411348597
-2 -2.0 -1 -1 -0.02780401683433304
-2 -2.0 -1 -1 -1.132547079212449
11 0.13824468851089478 6 7 0.009302167404418483
-2 -2.0 -1 -1 0.6155888543090593
-2 -2.0 -1 -1 1.0683913649506573
2 4.5 9 12 -0.003537447102972561
3 0.9444444477558136 10 11 0.054207998474253824
-2 -2.0 -1 -1 1.082408942599698
-2 -2.0 -1 -1 -1.0148937917345364
22 0.048448819667100906 13 14 -0.0043977144486295645
-2 -2.0 -1 -1 -1.1827325237053934
-2 -2.0 -1 -1 -0.39164827023603394
tree 15
0 297.5 1 8 -8.261697691614123e-07
13 0.06176697462797165 2 5 -0.0006005266383975518
34 0.05247857980430126 3 4 -0.0015210000050744092
-2 -2.0 -1 -1 -0.029492110224581987
-2 -2.0 -1 -1 -0.6327790501194288
14 0.11158815026283264 6 7 0.0030086978783090564
-2 -2.0 -1 -1 0.5866240694891025
-2 -2.0 -1 -1 -0.5433605816699619
17 0.611755758523941 9 12 0.0027014385924840905
19 -0.0115274703130126 10 11 -0.0021799408008592734
-2 -2.0 -1 -1 -0.11167219459891341
-2 -2.0 -1 -1 -1.1965542832208662
6 0.28645047545433044 13 14 0.008426197671588347
-2 -2.0 -1 -1 0.5499436394004497
-2 -2.0 -1 -1 1.3291290951987524
tree 13
29 0.8217122554779053 1 8 -5.128558416370812e-07
9 0.0028109975391998887 2 5 -0.00017029100695114968
6 0.2776962220668793 3 4 -0.0025445474195177125
-2 -2.0 -1 -1 -0.491691592236456
-2 -2.0 -1 -1 1.1929571550401215
15 0.009936179500073195 6 7 0.0006773501125292321
-2 -2.0 -1 -1 0.7340239832214164
-2 -2.0 -1 -1 -0.019754977942095523
28 0.16585760563611984 9 12 0.00940855035811648
13 0.009930313564836979 10 11 0.006028334253292363
-2 -2.0 -1 -1 0.7318673565254227
-2 -2.0 -1 -1 -0.5179941906786997
-2 -2.0 -1 -1 1.166761875503428
tree 13
24 0.977225661277771 1 8 9.468222067859984e-07
23 0.0073159507010132074 2 5 -6.676798777408841e-05
5 0.06972449645400047 3 4 -0.0009296219129724364
-2 -2.0 -1 -1 0.8868044168605986
-2 -2.0 -1 -1 -0.14445703632873944
28 0.5388791114091873 6 7 0.001705783808963807
-2 -2.0 -1 -1 0.12944608853665787
-2 -2.0 -1 -1 -1.173585039026771
11 0.06796343624591827 9 12 0.02373759213627283
19 0.06439643912017345 10 11 0.002848072668167744
-2 -2.0 -1 -1 -1.0123829532999047
-2 -2.0 -1 -1 1.0175130823808076
-2 -2.0 -1 -1 1.160941222746071
tree 13
3 0.47187672555446625 1 8 1.3441177594246165e-06
3 0.4675625264644623 2 5 -0.0016736309501753366
7 0.9790835678577423 3 4 -0.001250563604095429
-2 -2.0 -1 -1 -0.1354135474326396
-2 -2.0 -1 -1 0.9867336938606076
13 0.161975659430027 6 7 -0.024462858659013178
-2 -2.0 -1 -1 -0.7501754319804975
-2 -2.0 -1 -1 -1.3216314254846124
12 0.37376542389392853 9 12 0.0009442336395859004
8 0.04958731681108475 10 11 0.0008821725755148082
-2 -2.0 -1 -1 -0.38472922704511237
-2 -2.0 -1 -1 0.17490495221103575
-2 -2.0 -1 -1 1.1008553569858655
tree 15
20 0.03207765892148018 1 8 9.401632334318487e-07
20 0.017790705896914005 2 5 0.0003786930194404669
14 0.11609984934329987 3 4 -6.839000304717791e-05
-2 -2.0 -1 -1 0.08230994494937255
-2 -2.0 -1 -1 -0.353537127598746
7 0.6864086091518402 6 7 0.009769789560220402
-2 -2.0 -1 -1 -0.4233037235557148
-2 -2.0 -1 -1 0.9431816110360356
0 762.0 9 12 -0.004059174725716737
20 0.03397309593856335 10 11 -0.0033694770708585886
-2 -2.0 -1 -1 -1.22984050307233
-2 -2.0 -1 -1 -0.4381316533214348
8 0.1101419753395021 13 14 -0.1375156709407681
-2 -2.0 -1 -1 -1.0002571956117234
-2 -2.0 -1 -1 -1.3788809183311102
tree 13
18 -0.3425857871770859 1 6 1.4358025312496122e-06
18 -0.34264835715293884 2 5 -0.00346163274976344
7 0.8019174337387085 3 4 -0.00320792066183898
-2 -2.0 -1 -1 -0.8200388962393922
-2 -2.0 -1 -1 0.395883226379276
-2 -2.0 -1 -1 -1.1525349769715503
24 0.0014274747227318585 7 10 0.000435491920019061
18 -0.34010668098926544 8 9 -0.0011244640792972965
-2 -2.0 -1 -1 1.1269724740567528
-2 -2.0 -1 -1 -0.16719166898624063
28 0.4658961147069931 11 12 0.0023259614725674844
-2 -2.0 -1 -1 0.2006013840633134
-2 -2.0 -1 -1 -1.035852106294296
tree 15
16 0.021528448909521103 1 8 -4.2454623720661186e-07
24 0.13367412984371185 2 5 0.0002074466158841057
12 0.38217948377132416 3 4 -0.0006524901269961374
-2 -2.0 -1 -1 -0.08652970392658522
-2 -2.0 -1 -1 0.8130914579945231
33 0.29944607615470886 6 7 0.0027512345388961547
-2 -2.0 -1 -1 0.2022553112382628
-2 -2.0 -1 -1 1.1401328403044149
30 0.01008748123422265 9 12 -0.007156671298025808
14 0.032597893849015236 10 11 -0.0034988584048325916
-2 -2.0 -1 -1 -0.9719348173526856
-2 -2.0 -1 -1 -1.005317890180757
20 6.82593890815042e-05 13 14 -0.03720299149211293
-2 -2.0 -1 -1 -1.1065275696260257
-2 -2.0 -1 -1 -1.054128309942981
tree 11
11 0.5044594258069992 1 8 -6.228900486667094e-07
4 0.4232323318719864 2 5 2.4889623316975148e-05
7 0.7215135991573334 3 4 -0.004618796512044219
-2 -2.0 -1 -1 -0.5311091156118091
-2 -2.0 -1 -1 -0.98905269551186
4 0.42462122440338135 6 7 0.00033852021296861977
-2 -2.0 -1 -1 1.3570304138077514
-2 -2.0 -1 -1 0.019926042390126443
18 0.2400527335703373 9 10 -0.05827120341717899
-2 -2.0 -1 -1 -1.1173917983808552
-2 -2.0 -1 -1 -1.0116170514944764
tree 13
3 0.3748456835746765 1 8 -1.2374866136978457e-06
23 0.6980459988117218 2 5 -0.0022403174912389995
23 0.4631483107805252 3 4 -0.0018912022816058827
-2 -2.0 -1 -1 -0.2902315821598976
-2 -2.0 -1 -1 0.966064536209023
23 0.7120674848556519 6 7 -0.0337241618508804
-2 -2.0 -1 -1 -1.3515498031731883
-2 -2.0 -1 -1 -0.5379472652811754
12 0.480654776096344 9 12 0.0006283664507676275
32 0.0354010034352541 10 11 0.0006722087381014231
-2 -2.0 -1 -1 0.1505383056850326
-2 -2.0 -1 -1 -0.2439596170229009
-2 -2.0 -1 -1 -1.0840349423729465
tree 15
0 297.5 1 8 -1.3232193132961767e-06
13 0.06176697462797165 2 5 -0.000578834520256395
34 0.05247857980430126 3 4 -0.0014635820261419065
-2 -2.0 -1 -1 -0.038934987861499314
-2 -2.0 -1 -1 -0.6068743572644824
19 -0.015447115059942007 6 7 0.0028903070159788857
-2 -2.0 -1 -1 -0.14779250094911167
-2 -2.0 -1 -1 0.536125952349632
4 0.6238207519054413 9 12 0.0026009566186712876
4 0.6221315562725067 10 11 -0.012484645186092215
-2 -2.0 -1 -1 -0.6619894781615082
-2 -2.0 -1 -1 -1.3071070575456045
13 0.0702439695596695 13 14 0.004254725800476911
-2 -2.0 -1 -1 0.5240437754950082
-2 -2.0 -1 -1 -0.9089850260475815
tree 13
13 0.22949787974357605 1 8 -1.811016748836252e-06
13 0.18904532492160797 2 5 0.00017976558901588923
12 0.38217948377132416 3 4 -2.6016431392477035e-05
-2 -2.0 -1 -1 -0.01398809770697811
-2 -2.0 -1 -1 1.0419285689838647
8 0.035798042081296444 6 7 0.014330494836159979
-2 -2.0 -1 -1 1.1852822854249816
-2 -2.0 -1 -1 0.49085363152926814
28 0.7929292917251587 9 12 -0.007723140014267771
18 0.376797154545784 10 11 -0.006008388910510114
-2 -2.0 -1 -1 -0.40510237845191993
-2 -2.0 -1 -1 -1.0807661070419852
-2 -2.0 -1 -1 -1.228587644405509
tree 11
11 0.5044594258069992 1 8 -1.0085672933119635e-06
31 0.07679487392306328 2 5 2.3387098449605634e-05
3 0.07547088339924812 3 4 0.0005206047899207091
-2 -2.0 -1 -1 1.0939011559957905
-2 -2.0 -1 -1 0.046302850563890774
2 43.5 6 7 -0.00262087572825357
-2 -2.0 -1 -1 -0.14553231473312242
-2 -2.0 -1 -1 -0.9877394337672225
5 0.4707725718617439 9 10 -0.055720709124118833
-2 -2.0 -1 -1 -1.1122855837317194
-2 -2.0 -1 -1 -1.010602330040106
tree 15
0 297.5 1 8 -1.8207036379460314e-06
12 0.08218864724040031 2 5 -0.0005471520742919799
12 0.08089464902877808 3 4 -0.0011135285158192251
-2 -2.0 -1 -1 -0.11320057712548436
-2 -2.0 -1 -1 -1.440130037915563
14 0.11016038432717323 6 7 0.00392991884444722
-2 -2.0 -1 -1 0.6510374428668649
-2 -2.0 -1 -1 -0.4323297229069491
31 0.6113839745521545 9 12 0.002455455593044069
31 0.12125641107559204 10 11 0.001515074103140466
-2 -2.0 -1 -1 0.3107453257084255
-2 -2.0 -1 -1 -0.7512601111055378
2 38.5 13 14 0.025167093394655275
-2 -2.0 -1 -1 0.7667477150357859
-2 -2.0 -1 -1 1.0883425081781226
tree 13
7 0.5708322823047638 1 6 -8.295117579630576e-07
7 0.5707333981990814 2 5 -0.0017374133953901435
25 0.329861119389534 3 4 -0.001609454918477784
-2 -2.0 -1 -1 -0.17311057467920052
-2 -2.0 -1 -1 -1.0847005210695015
-2 -2.0 -1 -1 -1.2128636685158627
23 0.01950219739228487 7 10 0.000734149466085749
5 0.06972449645400047 8 9 -0.0005141393100756242
-2 -2.0 -1 -1 0.9203697847596131
-2 -2.0 -1 -1 -0.09108246161170996
23 0.01981179229915142 11 12 0.004130420667043924
-2 -2.0 -1 -1 1.1588563152688196
-2 -2.0 -1 -1 0.2213384039982746
tree 15
3 0.472298264503479 1 8 -6.017337676510247e-07
18 0.1912258043885231 2 5 -0.0015005435924779398
29 0.9524187743663788 3 4 -0.002936792559593418
-2 -2.0 -1 -1 -0.33842104218482155
-2 -2.0 -1 -1 1.0931474587688326
18 0.1923292726278305 6 7 0.002468726280277579
-2 -2.0 -1 -1 1.098315997333437
-2 -2.0 -1 -1 0.15893134558347177
8 0.04958731681108475 9 12 0.0008518017384438235
2 20.5 10 11 -0.001962674369959126
-2 -2.0 -1 -1 -0.292729657866923
-2 -2.0 -1 -1 -1.0687763484147308
28 0.009091660380363464 13 14 0.0020321543586751625
-2 -2.0 -1 -1 -4.220154574117163e-05
-2 -2.0 -1 -1 0.45287465504509317
tree 13
24 0.977225661277771 1 8 -2.2483025259210803e-07
11 0.5044594258069992 2 5 -6.159998753770533e-05
13 0.000853619072586298 3 4 -3.77813433517711e-05
-2 -2.0 -1 -1 -0.1873420259734817
-2 -2.0 -1 -1 0.08082703845743408
23 0.1111111119389534 6 7 -0.054308562121000534
-2 -2.0 -1 -1 -1.0093893966350198
-2 -2.0 -1 -1 -1.110266159457407
19 0.15563920140266418 9 12 0.02151412838115207
19 0.06439643912017345 10 11 0.002168842848411836
-2 -2.0 -1 -1 -1.0110856243175916
-2 -2.0 -1 -1 1.014577331449292
-2 -2.0 -1 -1 1.146674847775313
tree 15
17 0.3567863404750824 1 8 -1.2051036610965177e-07
24 0.17337627708911896 2 5 -0.0017606514584810364
23 0.002689662855118513 3 4 -0.0010241834762574728
-2 -2.0 -1 -1 -1.003141673501719
-2 -2.0 -1 -1 -1.0096442068789007
9 0.29035238921642303 6 7 -0.007091938549923313
-2 -2.0 -1 -1 -1.0151519799080349
-2 -2.0 -1 -1 -1.0648875685331447
27 0.3834492564201355 9 12 0.0007073321098886625
27 0.3824978768825531 10 11 0.0011450629710144122
-2 -2.0 -1 -1 0.07560770440283592
-2 -2.0 -1 -1 1.3586171255206991
32 0.018487965688109398 13 14 -0.009121142836683029
-2 -2.0 -1 -1 -0.8696239069571522
-2 -2.0 -1 -1 -1.368820179917521
tree 13
22 0.047982022166252136 1 8 -3.01537347915283e-06
23 0.2958274781703949 2 5 0.0004022529694162538
11 0.12594737112522125 3 4 -0.0002894240690575381
-2 -2.0 -1 -1 0.018194378987824486
-2 -2.0 -1 -1 -0.5729622296295384
11 0.0024436358362436295 6 7 0.007687653523655983
-2 -2.0 -1 -1 0.3728416296554371
-2 -2.0 -1 -1 1.0534628017685053
22 0.048448819667100906 9 10 -0.002996052217798457
-2 -2.0 -1 -1 -1.1641668045144427
2 4.5 11 12 -0.002742338038856077
-2 -2.0 -1 -1 0.9949764247573385
-2 -2.0 -1 -1 -0.3738771681045884
tree 15
20 0.03207765892148018 1 8 -1.164541873509964e-06
20 0.017790705896914005 2 5 0.0003294423799782622
7 0.893398642539978 3 4 -4.3527020259095886e-05
-2 -2.0 -1 -1 0.046095451891697954
-2 -2.0 -1 -1 -0.6130641647300643
7 0.6864086091518402 6 7 0.008163762781806127
-2 -2.0 -1 -1 -0.3959213971066608
-2 -2.0 -1 -1 0.9096288419056895
0 762.0 9 12 -0.003554551534835588
20 0.03397309593856335 10 11 -0.0028488560984573498
-2 -2.0 -1 -1 -1.1877012035098857
-2 -2.0 -1 -1 -0.4129767733773964
1 78.5 13 14 -0.14010661847402403
-2 -2.0 -1 -1 -1.3889446598687882
-2 -2.0 -1 -1 -1.0001843604154708
tree 15
0 297.5 1 8 -9.875816852483766e-07
13 0.06176697462797165 2 5 -0.0005340989682101456
34 0.05247857980430126 3 4 -0.001307727752727157
-2 -2.0 -1 -1 -0.03906938347491584
-2 -2.0 -1 -1 -0.5745912272771186
28 0.7463541626930237 6 7 0.0024993402131854984
-2 -2.0 -1 -1 0.19825025981389846
-2 -2.0 -1 -1 0.6649549315575678
4 0.6238207519054413 9 12 0.0024012251720534608
23 0.6983161866664886 10 11 -0.010722163905298582
-2 -2.0 -1 -1 -0.632044665892952
-2 -2.0 -1 -1 -1.2709539145461024
4 0.8272546529769897 13 14 0.0038398854719770793
-2 -2.0 -1 -1 0.80408293865509
-2 -2.0 -1 -1 0.12138419714760966
tree 15
34 0.7231515347957611 1 8 -7.90600447913138e-07
34 0.644337922334671 2 5 -0.0002485091769208023
12 0.52130326628685 3 4 -0.00012640722883593405
-2 -2.0 -1 -1 -0.010419350251239455
-2 -2.0 -1 -1 -1.0687419775949127
9 0.007352941203862429 6 7 -0.02320367541687586
-2 -2.0 -1 -1 -1.2489767527383269
-2 -2.0 -1 -1 -1.0730537590370144
20 0.00020157400285825133 9 12 0.004828055372321794
13 0.21575763076543808 10 11 0.016092491507823065
-2 -2.0 -1 -1 0.9356367758792973
-2 -2.0 -1 -1 1.0795941705473566
5 0.09748508408665657 13 14 -0.0006539702136221598
-2 -2.0 -1 -1 -1.0687622625716124
-2 -2.0 -1 -1 0.04152676816884368
tree 15
5 0.5925029814243317 1 8 -4.217178024210692e-07
15 0.009912505280226469 2 5 0.00046172952406089393
15 0.009843223728239536 3 4 0.004472058553029475
-2 -2.0 -1 -1 0.4812228902832469
-2 -2.0 -1 -1 1.1926698413830867
31 0.07679487392306328 6 7 -0.00016257600510712089
-2 -2.0 -1 -1 0.05296918510459313
-2 -2.0 -1 -1 -0.5068226840193856
26 0.6909814476966858 9 12 -0.002644198674932286
26 0.6742424368858337 10 11 -0.0021979449958585452
-2 -2.0 -1 -1 -0.43674403663924566
-2 -2.0 -1 -1 1.106094381255054
14 0.06822916679084301 13 14 -0.04012950771712639
-2 -2.0 -1 -1 -1.0728874700579352
-2 -2.0 -1 -1 -1.0272970226972795
tree 15
3 0.3748456835746765 1 8 -6.428553152206496e-07
28 0.4441485106945038 2 5 -0.0020164290838103846
28 0.22326064109802246 3 4 -0.0014836035193495063
-2 -2.0 -1 -1 -0.28462347031945084
-2 -2.0 -1 -1 0.7347352742795304
23 0.007042253389954567 6 7 -0.015186784061766446
-2 -2.0 -1 -1 -1.048245008029656
-2 -2.0 -1 -1 -1.1457474970415982
0 137.5 9 12 0.0005661734012535022
29 0.03279569931328297 10 11 -0.0006417448762761547
-2 -2.0 -1 -1 -0.24030187252039223
-2 -2.0 -1 -1 0.2995329386399155
32 0.5162545442581177 13 14 0.002887038494688862
-2 -2.0 -1 -1 0.17851503999465568
-2 -2.0 -1 -1 0.7777734011174158
tree 13
18 -0.37821048498153687 1 6 -4.027213220331351e-07
18 -0.37864595651626587 2 5 -0.0034150573106529534
7 0.8019174337387085 3 4 -0.0030548337376562805
-2 -2.0 -1 -1 -0.8733758128899117
-2 -2.0 -1 -1 0.5747418386133147
-2 -2.0 -1 -1 -1.1710473881733217
24 0.0014274747227318585 7 10 0.0003244517890935839
13 0.12369947507977486 8 9 -0.0010110882535808755
-2 -2.0 -1 -1 -0.2820376884638312
-2 -2.0 -1 -1 0.3589407386936469
30 0.012803250458091497 11 12 0.0019392603954823996
-2 -2.0 -1 -1 0.03629470723688774
-2 -2.0 -1 -1 0.529296599386275
tree 13
13 0.22949787974357605 1 8 -9.399832235242473e-07
13 0.18904532492160797 2 5 0.00016370062133730116
12 0.38217948377132416 3 4 -1.1386387565291986e-06
-2 -2.0 -1 -1 -0.010724749501498538
-2 -2.0 -1 -1 1.0375613178161307
26 0.5986881405115128 6 7 0.011498975366227068
-2 -2.0 -1 -1 0.5881115367853809
-2 -2.0 -1 -1 1.1900915519325337
15 0.0020325202494859695 9 10 -0.007002085691452946
-2 -2.0 -1 -1 -1.2239677667438986
18 0.376797154545784 11 12 -0.005309942088664293
-2 -2.0 -1 -1 -0.39526755387891005
-2 -2.0 -1 -1 -1.0725909385684778
tree 15
3 0.6098822951316833 1 8 -4.5858760621066835e-07
3 0.606990247964859 2 5 -0.0009247490572547884
18 0.17665784806013107 3 4 -0.0008067789889732098
-2 -2.0 -1 -1 -0.22845845916026392
-2 -2.0 -1 -1 0.20097843429102646
1 15.0 6 7 -0.04433773418487618
-2 -2.0 -1 -1 -1.0202528471620915
-2 -2.0 -1 -1 -1.0956420321948295
2 22.5 9 12 0.0012010725060537203
17 0.7646627724170685 10 11 0.00042355600480666565
-2 -2.0 -1 -1 -0.03510779256088449
-2 -2.0 -1 -1 0.38584848845171893
24 0.15261756628751755 13 14 0.009201540595590162
-2 -2.0 -1 -1 0.8811117285774315
-2 -2.0 -1 -1 1.0055704301278954
tree 11
11 0.5044594258069992 1 8 5.135250399027907e-07
8 0.060155684128403664 2 5 2.267679510094258e-05
3 0.07547088339924812 3 4 -0.0015134739680733797
-2 -2.0 -1 -1 1.082562928160502
-2 -2.0 -1 -1 -0.30110393807381947
26 0.6653645932674408 6 7 0.000731291446571629
-2 -2.0 -1 -1 0.0370602753070392
-2 -2.0 -1 -1 0.5373983041026248
30 0.5 9 10 -0.050620395294376196
-2 -2.0 -1 -1 -1.1037433125100538
-2 -2.0 -1 -1 -1.0073014700215457
tree 13
24 0.977225661277771 1 8 4.870792219492823e-07
14 0.04804976098239422 2 5 -5.4820817739722955e-05
16 0.026270910166203976 3 4 0.0013316306645752057
-2 -2.0 -1 -1 0.19083705857466673
-2 -2.0 -1 -1 -1.0602599842238098
29 0.8217122554779053 6 7 -0.0008767088687729698
-2 -2.0 -1 -1 -0.12949396078073974
-2 -2.0 -1 -1 0.5834464125615393
26 0.02039337530732155 9 12 0.019388032191093255
19 0.06439643912017345 10 11 0.0019092581884759304
-2 -2.0 -1 -1 -1.009656320652699
-2 -2.0 -1 -1 1.0126135969996206
-2 -2.0 -1 -1 1.1306094627215142
tree 15
23 0.0073159507010132074 1 8 4.50905890471604e-07
4 1.1403940916061401 2 5 -0.0007105284497360896
19 0.17583749443292618 3 4 0.0008574570270788784
-2 -2.0 -1 -1 0.02182859481673597
-2 -2.0 -1 -1 0.5748052423591399
5 0.06972449645400047 6 7 -0.00289838678431137
-2 -2.0 -1 -1 0.8392837672841296
-2 -2.0 -1 -1 -0.630500132901467
28 0.5388791114091873 9 12 0.001467203222658937
18 -0.4787192791700363 10 11 0.0016163419397606789
-2 -2.0 -1 -1 -1.0610332597687586
-2 -2.0 -1 -1 0.15333271931263348
7 0.7026103138923645 13 14 -0.10964114101814021
-2 -2.0 -1 -1 -1.1201142281022543
-2 -2.0 -1 -1 -1.1261874732053019
tree 13
25 0.5098893940448761 1 8 -1.183350709730219e-06
19 -0.14662973582744598 2 5 0.0001479371350936718
5 0.018552492023445666 3 4 -0.0012915266301017142
-2 -2.0 -1 -1 -1.062513875331824
-2 -2.0 -1 -1 -0.6910770320748352
27 0.3834492564201355 6 7 0.0009594266625213226
-2 -2.0 -1 -1 0.10740535339907191
-2 -2.0 -1 -1 -0.9309023393787709
6 0.2558319792151451 9 12 -0.007179811468363869
34 0.0049498609732836485 10 11 -0.00611092753428525
-2 -2.0 -1 -1 -0.6168808340523803
-2 -2.0 -1 -1 -1.0429480376715115
-2 -2.0 -1 -1 -1.1179643985860792
tree 15
20 0.0010256679961457849 1 8 -3.4790422405285168e-06
34 0.20521390438079834 2 5 0.0007927792600875231
34 0.19519450515508652 3 4 0.00018603573550589634
-2 -2.0 -1 -1 0.03423451041460137
-2 -2.0 -1 -1 -1.0740007460220178
8 0.1709434688091278 6 7 0.009832229397498565
-2 -2.0 -1 -1 0.37096206081309
-2 -2.0 -1 -1 1.0612343317365307
5 0.05663924291729927 9 12 -0.0012794875062218261
29 0.08597375079989433 10 11 -0.024322374188961885
-2 -2.0 -1 -1 -1.065104553112791
-2 -2.0 -1 -1 -1.0244275299693215
22 0.047982022166252136 13 14 -0.0010274352051440722
-2 -2.0 -1 -1 0.015216807916553447
-2 -2.0 -1 -1 -0.5634086705358798
tree 13
3 0.3648899346590042 1 6 -3.4839455856044036e-06
3 0.36474287509918213 2 5 -0.0019407250554484559
5 0.8099755048751831 3 4 -0.0017499615755035838
-2 -2.0 -1 -1 -0.26068672594257253
-2 -2.0 -1 -1 1.0498000279370503
-2 -2.0 -1 -1 -1.2265305507792588
0 137.5 7 10 0.0005110035161586458
25 0.31866537034511566 8 9 -0.0005729734847531194
-2 -2.0 -1 -1 -0.017407055120225157
-2 -2.0 -1 -1 -1.0808175476094408
6 0.26748019456863403 11 12 0.002583672442902023
-2 -2.0 -1 -1 0.3548862185662297
-2 -2.0 -1 -1 -0.8733560940126149
